零件名,套料图名,分段号,齐套优先级,零件类型,释放(min),到半框缓存(min),到齐套区(min)
AP2-FC-1-1P,A03S-1304,AP2,1,large,36.60802714411302,36.60802714411302,36.60802714411302
AP2-FC-1-1S,A03S-1304,AP2,1,large,36.60802714411302,36.60802714411302,36.60802714411302
AP2-818-1S,A03S-1274,AP2,1,small,111.39291545210567,827.7907498163494,1159.429767112403
AP2-821-1P,A03S-1274,AP2,1,small,111.39291545210567,827.7907498163494,1159.429767112403
AP2-821-1S,A03S-1274,AP2,1,small,111.39291545210567,827.7907498163494,1159.429767112403
AP2-823-1P,A03S-1274,AP2,4,small,111.39291545210567,353.6365679906376,1173.554767112403
AP2-823-1S,A03S-1274,AP2,4,small,111.39291545210567,353.6365679906376,1173.554767112403
AP2-826-1P,A03S-1274,AP2,4,small,111.39291545210567,353.6365679906376,1173.554767112403
AP2-826-1S,A03S-1274,AP2,4,small,111.39291545210567,353.6365679906376,1173.554767112403
AP2-829-1S,A03S-1274,AP2,4,small,111.39291545210567,353.6365679906376,1173.554767112403
AP2-831-1P,A03S-1274,AP2,4,small,111.39291545210567,353.6365679906376,1173.554767112403
AP2-831-1S,A03S-1274,AP2,4,small,111.39291545210567,353.6365679906376,1173.554767112403
AP2-832-1P,A03S-1274,AP2,4,small,111.39291545210567,353.6365679906376,1173.554767112403
AP2-832-1S,A03S-1274,AP2,4,small,111.39291545210567,353.6365679906376,1173.554767112403
AP2-830-1P,A03S-1274,AP2,5,small,111.39291545210567,958.4045951159894,1179.929767112403
AP2-830-1S,A03S-1274,AP2,5,small,111.39291545210567,958.4045951159894,1179.929767112403
AP2-833-1P,A03S-1274,AP2,5,small,111.39291545210567,958.4045951159894,1179.929767112403
AP2-833-1S,A03S-1274,AP2,5,small,111.39291545210567,958.4045951159894,1179.929767112403
AP2-F2-3S-5BS,A03S-1287,AP2,1,small,76.24044205228189,67.3964927665676,1159.429767112403
AP2-F6-2P-7BP,A03S-1287,AP2,1,small,76.24044205228189,794.4229708301466,1159.429767112403
TA10-F9-1SP-3SP,A03S-1287,AP2,5,small,76.24044205228189,830.1854626555436,1179.929767112403
AP2-F5-1P-1P,A03S-1287,AP2,1,large,76.24044205228189,68.59598304739788,68.59598304739788
AP2-F5-2S-1S,A03S-1287,AP2,1,large,76.24044205228189,68.59598304739788,68.59598304739788
AP2-F6-3S-4BS,A03S-1297,AP2,1,small,144.22377648385168,827.7907498163494,1159.429767112403
AP2-FB-2P-7BP,A03S-1297,AP2,1,small,144.22377648385168,827.7907498163494,1159.429767112403
AP2-FB-2P-8BP,A03S-1297,AP2,1,small,144.22377648385168,840.7854626555436,1159.429767112403
AP2-FB-3S-10BS,A03S-1297,AP2,1,small,144.22377648385168,840.7854626555436,1159.429767112403
AP2-FB-3S-3BS,A03S-1297,AP2,1,small,144.22377648385168,827.7907498163494,1159.429767112403
AP2-FB-3S-6BS,A03S-1297,AP2,1,small,144.22377648385168,827.7907498163494,1159.429767112403
AP2-G2-2-1P,A03S-1297,AP2,4,large,144.22377648385168,81.29635433191426,81.29635433191426
AP2-G2-2-1S,A03S-1297,AP2,4,large,144.22377648385168,81.29635433191426,81.29635433191426
AP2-818-1P,A03S-1276,AP2,1,small,296.5077744317014,794.4229708301466,1159.429767112403
AP2-AG-1-3BP,A03S-1276,AP2,1,small,296.5077744317014,794.4229708301466,1159.429767112403
AP2-CG-1B1-1P,A03S-1276,AP2,1,small,296.5077744317014,794.4229708301466,1159.429767112403
AP2-CG-1B1-1S,A03S-1276,AP2,1,small,296.5077744317014,794.4229708301466,1159.429767112403
AP2-F6-2P-2BP,A03S-1276,AP2,1,small,296.5077744317014,794.4229708301466,1159.429767112403
AP2-F7-1B1-1P,A03S-1276,AP2,1,small,296.5077744317014,794.4229708301466,1159.429767112403
AP2-F7-1B1-1S,A03S-1276,AP2,1,small,296.5077744317014,794.4229708301466,1159.429767112403
AP2-F8-1B1-1P,A03S-1276,AP2,1,small,296.5077744317014,794.4229708301466,1159.429767112403
AP2-FB-3S-2BS,A03S-1276,AP2,1,small,296.5077744317014,794.4229708301466,1159.429767112403
AP2-MG-1SP-1BP,A03S-1276,AP2,3,small,296.5077744317014,812.1780897984007,1167.179767112403
AP2-MG-1SP-2BP,A03S-1276,AP2,3,small,296.5077744317014,812.1780897984007,1167.179767112403
AP2-F0-1B1P-1P,A03S-1276,AP2,5,small,296.5077744317014,830.1854626555436,1179.929767112403
AP2-F0-1B2S-1S,A03S-1276,AP2,5,small,296.5077744317014,830.1854626555436,1179.929767112403
AP2-F1-1B1P-1P,A03S-1276,AP2,5,small,296.5077744317014,830.1854626555436,1179.929767112403
AP2-F1-1B2S-1S,A03S-1276,AP2,5,small,296.5077744317014,830.1854626555436,1179.929767112403
AP2-F1-1B3-1P,A03S-1276,AP2,5,small,296.5077744317014,830.1854626555436,1179.929767112403
AP2-F1-1B3-1S,A03S-1276,AP2,5,small,296.5077744317014,830.1854626555436,1179.929767112403
AP2-F3-1B1P-1P,A03S-1276,AP2,5,small,296.5077744317014,830.1854626555436,1179.929767112403
AP2-F4-1B1P-1P,A03S-1276,AP2,5,small,296.5077744317014,830.1854626555436,1179.929767112403
AP2-F5-1B1P-1P,A03S-1276,AP2,5,small,296.5077744317014,830.1854626555436,1179.929767112403
AP2-F5-1B3-1P,A03S-1276,AP2,5,small,296.5077744317014,830.1854626555436,1179.929767112403
AP2-F5-1B3-1S,A03S-1276,AP2,5,small,296.5077744317014,830.1854626555436,1179.929767112403
AP2-F7-1B1P-1P,A03S-1276,AP2,5,small,296.5077744317014,830.1854626555436,1179.929767112403
AP2-F7-1B2S-1S,A03S-1276,AP2,5,small,296.5077744317014,830.1854626555436,1179.929767112403
AP2-F8-1B1P-1P,A03S-1276,AP2,5,small,296.5077744317014,830.1854626555436,1179.929767112403
AP2-F8-1B2S-1S,A03S-1276,AP2,5,small,296.5077744317014,830.1854626555436,1179.929767112403
AP2-F9-1B1P-1P,A03S-1276,AP2,5,small,296.5077744317014,830.1854626555436,1179.929767112403
AP2-FA-1B1P-1P,A03S-1276,AP2,5,small,296.5077744317014,830.1854626555436,1179.929767112403
AP2-FA-1B2S-1S,A03S-1276,AP2,5,small,296.5077744317014,830.1854626555436,1179.929767112403
AP2-SGF-1SP-1BSP,A03S-1276,AP2,5,small,296.5077744317014,830.1854626555436,1179.929767112403
AP2-SGF-1SP-2BSP,A03S-1276,AP2,5,small,296.5077744317014,830.1854626555436,1179.929767112403
AP2-F2-3S-4BS,A03S-1296,AP2,1,small,240.83907473275352,827.7907498163494,1159.429767112403
AP2-FB-2P-6BP,A03S-1296,AP2,1,small,240.83907473275352,827.7907498163494,1159.429767112403
AP2-FB-3S-7BS,A03S-1296,AP2,1,small,240.83907473275352,827.7907498163494,1159.429767112403
AP2-FC-1B1P-1P,A03S-1296,AP2,3,small,240.83907473275352,860.7241764830161,1167.179767112403
AP2-FC-1B2S-1S,A03S-1296,AP2,3,small,240.83907473275352,860.7241764830161,1167.179767112403
AP2-G1-1B1P-1P,A03S-1296,AP2,3,small,240.83907473275352,860.7241764830161,1167.179767112403
AP2-G1-1B2S-1S,A03S-1296,AP2,3,small,240.83907473275352,860.7241764830161,1167.179767112403
AP2-G1-2B1P-1P,A03S-1296,AP2,3,small,240.83907473275352,860.7241764830161,1167.179767112403
AP2-G1-2B2S-1S,A03S-1296,AP2,3,small,240.83907473275352,860.7241764830161,1167.179767112403
AP2-G3-1B1-1P,A03S-1296,AP2,3,small,240.83907473275352,860.7241764830161,1167.179767112403
AP2-G3-1B1-1S,A03S-1296,AP2,3,small,240.83907473275352,860.7241764830161,1167.179767112403
AP2-G3-2B1-1P,A03S-1296,AP2,3,small,240.83907473275352,860.7241764830161,1167.179767112403
AP2-G3-2B1-1S,A03S-1296,AP2,3,small,240.83907473275352,860.7241764830161,1167.179767112403
AP2-G4-1B1-1P,A03S-1296,AP2,3,small,240.83907473275352,860.7241764830161,1167.179767112403
AP2-G4-1B1-1S,A03S-1296,AP2,3,small,240.83907473275352,860.7241764830161,1167.179767112403
AP2-G4-2B1-1P,A03S-1296,AP2,3,small,240.83907473275352,860.7241764830161,1167.179767112403
AP2-G4-2B1-1S,A03S-1296,AP2,3,small,240.83907473275352,860.7241764830161,1167.179767112403
AP2-G5-1B1-1P,A03S-1296,AP2,3,small,240.83907473275352,860.7241764830161,1167.179767112403
AP2-G5-1B1-1S,A03S-1296,AP2,3,small,240.83907473275352,860.7241764830161,1167.179767112403
AP2-G5-2B1-1P,A03S-1296,AP2,3,small,240.83907473275352,860.7241764830161,1167.179767112403
AP2-G5-2B1-1S,A03S-1296,AP2,3,small,240.83907473275352,860.7241764830161,1167.179767112403
AP2-SGF-1SP-4BSP,A03S-1296,AP2,3,small,240.83907473275352,860.7241764830161,1167.179767112403
AP2-F2-2P-3P,A03S-1293,AP2,1,small,277.5707594946582,827.7907498163494,1159.429767112403
AP2-F2-3S-3S,A03S-1293,AP2,1,small,277.5707594946582,827.7907498163494,1159.429767112403
AP2-F0-1B3-1P,A03S-1293,AP2,5,small,277.5707594946582,958.4045951159894,1179.929767112403
AP2-F0-1B3-1S,A03S-1293,AP2,5,small,277.5707594946582,958.4045951159894,1179.929767112403
AP2-F3-1B3-1P,A03S-1293,AP2,5,small,277.5707594946582,958.4045951159894,1179.929767112403
AP2-F4-1B3-1S,A03S-1293,AP2,5,small,277.5707594946582,958.4045951159894,1179.929767112403
AP2-FA-1B4-1P,A03S-1293,AP2,5,small,277.5707594946582,958.4045951159894,1179.929767112403
AP2-FA-1B4-1S,A03S-1293,AP2,5,small,277.5707594946582,958.4045951159894,1179.929767112403
AP2-F6-2P-3P,A03S-1293,AP2,1,large,277.5707594946582,203.12302576926274,203.12302576926274
AP2-F6-3S-3S,A03S-1293,AP2,1,large,277.5707594946582,203.12302576926274,203.12302576926274
AP2-G2-1B2-1S,A03S-1299,AP2,1,small,393.08470895551113,794.4229708301466,1159.429767112403
AP2-G3-4B3-1S,A03S-1299,AP2,1,small,393.08470895551113,794.4229708301466,1159.429767112403
AP2-G4-4B3-1P,A03S-1299,AP2,1,small,393.08470895551113,794.4229708301466,1159.429767112403
AP2-G4-4B3-1S,A03S-1299,AP2,1,small,393.08470895551113,794.4229708301466,1159.429767112403
AP2-G5-4B3-1P,A03S-1299,AP2,1,small,393.08470895551113,794.4229708301466,1159.429767112403
AP2-G5-4B3-1S,A03S-1299,AP2,1,small,393.08470895551113,794.4229708301466,1159.429767112403
AP2-G2-1B1-1S,A03S-1299,AP2,2,small,393.08470895551113,376.89610903487613,1160.804767112403
AP2-G3-4B4-1S,A03S-1299,AP2,2,small,393.08470895551113,376.89610903487613,1160.804767112403
AP2-G3-4B5-1S,A03S-1299,AP2,2,small,393.08470895551113,376.89610903487613,1160.804767112403
AP2-G4-4B1-1S,A03S-1299,AP2,2,small,393.08470895551113,376.89610903487613,1160.804767112403
AP2-G4-4B2-1P,A03S-1299,AP2,2,small,393.08470895551113,376.89610903487613,1160.804767112403
AP2-G4-4B2-1S,A03S-1299,AP2,2,small,393.08470895551113,376.89610903487613,1160.804767112403
AP2-G5-4B1-1P,A03S-1299,AP2,2,small,393.08470895551113,376.89610903487613,1160.804767112403
AP2-G5-4B1-1S,A03S-1299,AP2,2,small,393.08470895551113,376.89610903487613,1160.804767112403
AP2-G5-4B2-1P,A03S-1299,AP2,2,small,393.08470895551113,376.89610903487613,1160.804767112403
AP2-G5-4B2-1S,A03S-1299,AP2,2,small,393.08470895551113,376.89610903487613,1160.804767112403
AP2-G2-4S-1S,A03S-1299,AP2,3,small,393.08470895551113,812.1780897984007,1167.179767112403
AP2-G2-4S-2S,A03S-1299,AP2,3,small,393.08470895551113,812.1780897984007,1167.179767112403
AP2-G2-1B2-1P,A03S-1299,AP2,5,small,393.08470895551113,830.1854626555436,1179.929767112403
AP2-G3-4B3-1P,A03S-1299,AP2,5,small,393.08470895551113,830.1854626555436,1179.929767112403
AP2-G2-4S-3S,A03S-1299,AP2,3,large,393.08470895551113,213.12302576926274,213.12302576926274
AP2-MG-2SP-1SP,A03S-1286,AP2,1,small,377.96899132397095,840.7854626555436,1159.429767112403
AP2-MG-4SP-1SP,A03S-1286,AP2,1,small,377.96899132397095,840.7854626555436,1159.429767112403
AP2-MG-5SP-1SP,A03S-1286,AP2,1,small,377.96899132397095,840.7854626555436,1159.429767112403
AP2-MG-8SP-1SP,A03S-1286,AP2,1,small,377.96899132397095,840.7854626555436,1159.429767112403
AP2-SGF-1SP-28BSP,A03S-1286,AP2,1,small,377.96899132397095,840.7854626555436,1159.429767112403
AP2-SGF-1SP-29BSP,A03S-1286,AP2,1,small,377.96899132397095,840.7854626555436,1159.429767112403
AP2-F0-2-1P,A03S-1286,AP2,4,small,377.96899132397095,365.5157617207964,1173.554767112403
AP2-F0-2-1S,A03S-1286,AP2,4,small,377.96899132397095,365.5157617207964,1173.554767112403
AP2-F0-3-1P,A03S-1286,AP2,4,small,377.96899132397095,365.5157617207964,1173.554767112403
AP2-F0-3-1S,A03S-1286,AP2,4,small,377.96899132397095,365.5157617207964,1173.554767112403
AP2-FA-1B3W-1P,A03S-1286,AP2,4,small,377.96899132397095,353.6365679906376,1173.554767112403
AP2-FA-1B3W-1S,A03S-1286,AP2,4,small,377.96899132397095,353.6365679906376,1173.554767112403
AP2-FA-3K-1P,A03S-1286,AP2,4,small,377.96899132397095,365.5157617207964,1173.554767112403
AP2-FA-3K-1S,A03S-1286,AP2,4,small,377.96899132397095,365.5157617207964,1173.554767112403
AP2-SGF-1SP-5BSP,A03S-1286,AP2,5,small,377.96899132397095,958.4045951159894,1179.929767112403
AP2-SGF-1SP-6BSP,A03S-1286,AP2,5,small,377.96899132397095,958.4045951159894,1179.929767112403
AP2-SGF-1SP-7BSP,A03S-1286,AP2,5,small,377.96899132397095,958.4045951159894,1179.929767112403
AP2-SGF-1SP-8BSP,A03S-1286,AP2,5,small,377.96899132397095,958.4045951159894,1179.929767112403
AP2-FA-2SP-1SP,A03S-1286,AP2,1,large,377.96899132397095,326.3404699503446,326.3404699503446
AP2-F2-2P-8BP,A03S-1295,AP2,1,small,456.17121903487623,794.4229708301466,1159.429767112403
AP2-F2-3S-7BS,A03S-1295,AP2,1,small,456.17121903487623,794.4229708301466,1159.429767112403
AP2-F2-3S-8BS,A03S-1295,AP2,1,small,456.17121903487623,794.4229708301466,1159.429767112403
AP2-F6-2P-1BP,A03S-1295,AP2,1,small,456.17121903487623,794.4229708301466,1159.429767112403
AP2-F6-3S-6BS,A03S-1295,AP2,1,small,456.17121903487623,794.4229708301466,1159.429767112403
AP2-F6-3S-7BS,A03S-1295,AP2,1,small,456.17121903487623,794.4229708301466,1159.429767112403
AP2-FB-2P-9BP,A03S-1295,AP2,1,small,456.17121903487623,794.4229708301466,1159.429767112403
AP2-FB-3S-14BS,A03S-1295,AP2,1,small,456.17121903487623,794.4229708301466,1159.429767112403
AP2-FB-3S-15BS,A03S-1295,AP2,1,small,456.17121903487623,794.4229708301466,1159.429767112403
AP2-FB-3S-16BS,A03S-1295,AP2,1,small,456.17121903487623,794.4229708301466,1159.429767112403
AP2-F3-1B3-1S,A03S-1295,AP2,5,small,456.17121903487623,830.1854626555436,1179.929767112403
AP2-FC-1B3-1P,A03S-1295,AP2,5,small,456.17121903487623,830.1854626555436,1179.929767112403
AP2-FC-1B3-1S,A03S-1295,AP2,5,small,456.17121903487623,830.1854626555436,1179.929767112403
AP2-G2-3B1-1S,A03S-1295,AP2,5,small,456.17121903487623,830.1854626555436,1179.929767112403
AP2-F6-2P-1P,A03S-1295,AP2,1,large,456.17121903487623,350.7963898377804,350.7963898377804
AP2-F6-3S-1S,A03S-1295,AP2,1,large,456.17121903487623,350.7963898377804,350.7963898377804
AP2-FB-1SP-1SP,A03S-1288,AP2,1,large,360.7963898377804,360.7963898377804,360.7963898377804
AP2-G2-1P-1P,A03S-1288,AP2,3,large,360.7963898377804,360.7963898377804,360.7963898377804
AP2-MG-1SP-1P,A03S-1288,AP2,3,large,360.7963898377804,360.7963898377804,360.7963898377804
AP2-G3-6S-1S,A03S-1301,AP2,1,small,457.17121903487623,794.4229708301466,1159.429767112403
AP2-AG-1-1P,A03S-1301,AP2,1,large,457.17121903487623,448.4200582725267,448.4200582725267
AP2-AG-1-1S,A03S-1301,AP2,1,large,457.17121903487623,448.4200582725267,448.4200582725267
AP2-AG-1-2P,A03S-1300,AP2,1,large,435.65813693948235,435.65813693948235,435.65813693948235
AP2-AG-1-2S,A03S-1300,AP2,1,large,435.65813693948235,435.65813693948235,435.65813693948235
AP2-G2-4B1S-1S,A03S-1277,AP2,1,small,556.1777906475102,794.4229708301466,1159.429767112403
AP2-G4-4B4-1P,A03S-1277,AP2,1,small,556.1777906475102,794.4229708301466,1159.429767112403
AP2-G4-4B4-1S,A03S-1277,AP2,1,small,556.1777906475102,794.4229708301466,1159.429767112403
AP2-G5-4B4-1P,A03S-1277,AP2,1,small,556.1777906475102,794.4229708301466,1159.429767112403
AP2-G5-4B4-1S,A03S-1277,AP2,1,small,556.1777906475102,794.4229708301466,1159.429767112403
AP2-SGF-1SP-10SP,A03S-1277,AP2,5,large,556.1777906475102,536.8034197622842,536.8034197622842
AP2-SGF-1SP-1SP,A03S-1277,AP2,5,large,556.1777906475102,536.8034197622842,536.8034197622842
AP2-F2-2P-6BP,A03S-1285,AP2,1,small,539.5273593848564,827.7907498163494,1159.429767112403
AP2-F6-2P-8BP,A03S-1285,AP2,1,small,539.5273593848564,827.7907498163494,1159.429767112403
AP2-F6-3S-8BS,A03S-1285,AP2,1,small,539.5273593848564,827.7907498163494,1159.429767112403
TA10-G13-1B1-1P,A03S-1285,AP2,1,small,539.5273593848564,827.7907498163494,1159.429767112403
TA10-G13-1B1-1S,A03S-1285,AP2,1,small,539.5273593848564,827.7907498163494,1159.429767112403
AP2-F2-3S-6BS,A03S-1285,AP2,5,small,539.5273593848564,958.4045951159894,1179.929767112403
AP2-F6-2P-9BP,A03S-1285,AP2,5,small,539.5273593848564,958.4045951159894,1179.929767112403
AP2-AE-1SP-1SP,A03S-1285,AP2,3,large,539.5273593848564,514.9301706070787,514.9301706070787
AP2-F2-4SP-1SP,A03S-1283,AP2,1,small,620.5675100565297,794.4229708301466,1159.429767112403
AP2-F3-2SP-1SP,A03S-1283,AP2,1,small,620.5675100565297,794.4229708301466,1159.429767112403
AP2-F1-1SP-1SP,A03S-1283,AP2,1,large,620.5675100565297,701.9893540565298,701.9893540565298
AP2-F2-1-2P,A03S-1283,AP2,2,large,620.5675100565297,701.9893540565298,701.9893540565298
AP2-F2-1-2S,A03S-1283,AP2,2,large,620.5675100565297,701.9893540565298,701.9893540565298
AP2-F8-2-1S,A03S-1305,AP2,1,small,585.8942605027881,827.7907498163494,1159.429767112403
AP2-G2-1B1-1P,A03S-1305,AP2,2,small,585.8942605027881,573.0527617726294,1160.804767112403
AP2-G3-4B4-1P,A03S-1305,AP2,2,small,585.8942605027881,573.0527617726294,1160.804767112403
AP2-G3-4B5-1P,A03S-1305,AP2,2,small,585.8942605027881,573.0527617726294,1160.804767112403
AP2-G4-4B1-1P,A03S-1305,AP2,2,small,585.8942605027881,573.0527617726294,1160.804767112403
AP2-AE-1B5-1P,A03S-1305,AP2,5,small,585.8942605027881,958.4045951159894,1179.929767112403
AP2-AE-1B5-1S,A03S-1305,AP2,5,small,585.8942605027881,958.4045951159894,1179.929767112403
TA10-F6-1SP-5SP,A03S-1305,AP2,5,small,585.8942605027881,958.4045951159894,1179.929767112403
TA10-CG-1-1P,A03S-1305,AP2,1,large,585.8942605027881,555.6116780681118,555.6116780681118
TA10-CG-1-1S,A03S-1305,AP2,1,large,585.8942605027881,555.6116780681118,555.6116780681118
AP2-F2-2P-2BP,A03S-1292,AP2,1,small,827.4354626555436,794.4229708301466,1159.429767112403
AP2-F2-3S-2BS,A03S-1292,AP2,1,small,827.4354626555436,794.4229708301466,1159.429767112403
AP2-F2-3S-3BS,A03S-1292,AP2,1,small,827.4354626555436,794.4229708301466,1159.429767112403
AP2-F6-2P-3BP,A03S-1292,AP2,1,small,827.4354626555436,794.4229708301466,1159.429767112403
AP2-F6-2P-5BP,A03S-1292,AP2,1,small,827.4354626555436,794.4229708301466,1159.429767112403
AP2-F6-3S-1BS,A03S-1292,AP2,1,small,827.4354626555436,794.4229708301466,1159.429767112403
AP2-F6-3S-2BS,A03S-1292,AP2,1,small,827.4354626555436,794.4229708301466,1159.429767112403
AP2-F6-3S-3BS,A03S-1292,AP2,1,small,827.4354626555436,794.4229708301466,1159.429767112403
AP2-F6-3S-5BS,A03S-1292,AP2,1,small,827.4354626555436,794.4229708301466,1159.429767112403
AP2-FB-2P-3BP,A03S-1292,AP2,1,small,827.4354626555436,794.4229708301466,1159.429767112403
AP2-FB-2P-4BP,A03S-1292,AP2,1,small,827.4354626555436,794.4229708301466,1159.429767112403
AP2-FB-3S-5BS,A03S-1292,AP2,1,small,827.4354626555436,794.4229708301466,1159.429767112403
AP2-MG-6SP-1SP,A03S-1292,AP2,1,small,827.4354626555436,795.7793426555435,1159.429767112403
AP2-MG-7SP-1SP,A03S-1292,AP2,1,small,827.4354626555436,799.6121854333213,1159.429767112403
AP2-AE-1B3-1S,A03S-1292,AP2,3,small,827.4354626555436,812.1780897984007,1167.179767112403
AP2-AE-1B4-1S,A03S-1292,AP2,3,small,827.4354626555436,812.1780897984007,1167.179767112403
AP2-F5-1B2S-1S,A03S-1292,AP2,5,small,827.4354626555436,830.1854626555436,1179.929767112403
AP2-FB-3S-9BS,A03S-1292,AP2,5,small,827.4354626555436,830.1854626555436,1179.929767112403
AP2-G2-3B1-1P,A03S-1292,AP2,5,small,827.4354626555436,830.1854626555436,1179.929767112403
TA10-F9-1SP-2SP,A03S-1292,AP2,5,small,827.4354626555436,830.1854626555436,1179.929767112403
AP2-F2-2P-2P,A03S-1292,AP2,1,large,827.4354626555436,748.3378939607936,748.3378939607936
AP2-F2-3S-2S,A03S-1292,AP2,1,large,827.4354626555436,748.3378939607936,748.3378939607936
AP2-FB-2P-1P,A03S-1292,AP2,1,large,827.4354626555436,748.3378939607936,748.3378939607936
AP2-FB-3S-1S,A03S-1292,AP2,1,large,827.4354626555436,748.3378939607936,748.3378939607936
AP2-AG-1-3BS,A03S-1294,AP2,1,small,881.3904087052383,827.7907498163494,1159.429767112403
AP2-F2-2P-1BP,A03S-1294,AP2,1,small,881.3904087052383,827.7907498163494,1159.429767112403
AP2-F2-2P-3BP,A03S-1294,AP2,1,small,881.3904087052383,827.7907498163494,1159.429767112403
AP2-F2-2P-4BP,A03S-1294,AP2,1,small,881.3904087052383,827.7907498163494,1159.429767112403
AP2-F2-3S-1BS,A03S-1294,AP2,1,small,881.3904087052383,827.7907498163494,1159.429767112403
AP2-F6-2P-4BP,A03S-1294,AP2,1,small,881.3904087052383,827.7907498163494,1159.429767112403
AP2-F6-2P-6BP,A03S-1294,AP2,1,small,881.3904087052383,827.7907498163494,1159.429767112403
AP2-F6-3S-10BS,A03S-1294,AP2,1,small,881.3904087052383,827.7907498163494,1159.429767112403
AP2-F7-2-1P,A03S-1294,AP2,1,small,881.3904087052383,827.7907498163494,1159.429767112403
AP2-F7-2-1S,A03S-1294,AP2,1,small,881.3904087052383,827.7907498163494,1159.429767112403
AP2-F8-1B1-1S,A03S-1294,AP2,1,small,881.3904087052383,827.7907498163494,1159.429767112403
AP2-F8-2-1P,A03S-1294,AP2,1,small,881.3904087052383,827.7907498163494,1159.429767112403
AP2-FB-2P-11BP,A03S-1294,AP2,1,small,881.3904087052383,827.7907498163494,1159.429767112403
AP2-FB-2P-2BP,A03S-1294,AP2,1,small,881.3904087052383,827.7907498163494,1159.429767112403
AP2-FB-2P-5BP,A03S-1294,AP2,1,small,881.3904087052383,827.7907498163494,1159.429767112403
AP2-FB-3S-12BS,A03S-1294,AP2,1,small,881.3904087052383,840.7854626555436,1159.429767112403
AP2-FB-3S-13BS,A03S-1294,AP2,1,small,881.3904087052383,827.7907498163494,1159.429767112403
AP2-FB-3S-4BS,A03S-1294,AP2,1,small,881.3904087052383,827.7907498163494,1159.429767112403
AP2-FB-3S-8BS,A03S-1294,AP2,1,small,881.3904087052383,840.7854626555436,1159.429767112403
AP2-AE-1B1-1P,A03S-1294,AP2,3,small,881.3904087052383,860.7241764830161,1167.179767112403
AP2-AE-1B1-1S,A03S-1294,AP2,3,small,881.3904087052383,860.7241764830161,1167.179767112403
AP2-AE-1B2-1P,A03S-1294,AP2,3,small,881.3904087052383,860.7241764830161,1167.179767112403
AP2-AE-1B2-1S,A03S-1294,AP2,3,small,881.3904087052383,860.7241764830161,1167.179767112403
AP2-AE-1B3-1P,A03S-1294,AP2,3,small,881.3904087052383,860.7241764830161,1167.179767112403
AP2-AE-1B4-1P,A03S-1294,AP2,3,small,881.3904087052383,860.7241764830161,1167.179767112403
AP2-F3-1B2S-1S,A03S-1294,AP2,5,small,881.3904087052383,958.4045951159894,1179.929767112403
AP2-F4-1B2S-1S,A03S-1294,AP2,5,small,881.3904087052383,958.4045951159894,1179.929767112403
AP2-F4-1B3-1P,A03S-1294,AP2,5,small,881.3904087052383,958.4045951159894,1179.929767112403
AP2-F9-1B2S-1S,A03S-1294,AP2,5,small,881.3904087052383,958.4045951159894,1179.929767112403
AP2-FC-1B4P-1P,A03S-1294,AP2,5,small,881.3904087052383,958.4045951159894,1179.929767112403
AP2-CG-1-1P,A03S-1294,AP2,1,large,881.3904087052383,753.3378939607936,753.3378939607936
AP2-CG-1-1S,A03S-1294,AP2,1,large,881.3904087052383,753.3378939607936,753.3378939607936
AP2-F2-2P-1P,A03S-1294,AP2,1,large,881.3904087052383,753.3378939607936,753.3378939607936
AP2-F2-3S-1S,A03S-1294,AP2,1,large,881.3904087052383,753.3378939607936,753.3378939607936
AP2-F6-2P-2P,A03S-1294,AP2,1,large,881.3904087052383,753.3378939607936,753.3378939607936
AP2-F6-2P-4P,A03S-1294,AP2,1,large,881.3904087052383,753.3378939607936,753.3378939607936
AP2-F6-3S-2S,A03S-1294,AP2,1,large,881.3904087052383,753.3378939607936,753.3378939607936
AP2-F6-3S-4S,A03S-1294,AP2,1,large,881.3904087052383,753.3378939607936,753.3378939607936
AP2-G3-3-1P,A03S-1303,AP2,2,large,805.4581254865408,805.4581254865408,805.4581254865408
AP2-G3-3-1S,A03S-1303,AP2,2,large,805.4581254865408,805.4581254865408,805.4581254865408
AP2-G4-4-1P,A03S-1303,AP2,2,large,805.4581254865408,805.4581254865408,805.4581254865408
AP2-G4-4-1S,A03S-1303,AP2,2,large,805.4581254865408,805.4581254865408,805.4581254865408
AP2-G5-3-1P,A03S-1303,AP2,2,large,805.4581254865408,805.4581254865408,805.4581254865408
AP2-G5-3-1S,A03S-1303,AP2,2,large,805.4581254865408,805.4581254865408,805.4581254865408
AP2-F3-1-2P,A03S-1284,AP2,2,large,913.182873145021,939.200705145021,939.200705145021
AP2-F3-1-2S,A03S-1284,AP2,2,large,913.182873145021,939.200705145021,939.200705145021
AP2-F4-1-2P,A03S-1284,AP2,2,large,913.182873145021,939.200705145021,939.200705145021
AP2-F4-1-2S,A03S-1284,AP2,2,large,913.182873145021,939.200705145021,939.200705145021
AP2-F0-1-1P,A03S-1289,AP2,2,large,839.573655291592,839.573655291592,839.573655291592
AP2-F0-1-1S,A03S-1289,AP2,2,large,839.573655291592,839.573655291592,839.573655291592
AP2-F1-2-1P,A03S-1289,AP2,2,large,839.573655291592,839.573655291592,839.573655291592
AP2-F1-2-1S,A03S-1289,AP2,2,large,839.573655291592,839.573655291592,839.573655291592
AP2-F3-1-1P,A03S-1290,AP2,2,large,1017.1707523474189,1017.1707523474189,1017.1707523474189
AP2-F3-1-1S,A03S-1290,AP2,2,large,1017.1707523474189,1017.1707523474189,1017.1707523474189
AP2-F4-1-1P,A03S-1290,AP2,2,large,1017.1707523474189,1017.1707523474189,1017.1707523474189
AP2-F4-1-1S,A03S-1290,AP2,2,large,1017.1707523474189,1017.1707523474189,1017.1707523474189
TA10-T10-1B4S-1S,A03S-1291,AP2,5,small,959.7872254041457,958.4045951159894,1179.929767112403
AP2-F2-1-1P,A03S-1291,AP2,2,large,959.7872254041457,959.7872254041457,959.7872254041457
AP2-F2-1-1S,A03S-1291,AP2,2,large,959.7872254041457,959.7872254041457,959.7872254041457
AP2-FA-1-1P,A03S-1291,AP2,2,large,959.7872254041457,959.7872254041457,959.7872254041457
AP2-FA-1-1S,A03S-1291,AP2,2,large,959.7872254041457,959.7872254041457,959.7872254041457
AP2-G1-1-1P,A03S-1302,AP2,2,large,1156.679767112403,1156.679767112403,1156.679767112403
AP2-G1-1-1S,A03S-1302,AP2,2,large,1156.679767112403,1156.679767112403,1156.679767112403
AP2-G2-3-1P,A03S-1302,AP2,2,large,1156.679767112403,1156.679767112403,1156.679767112403
AP2-G2-3-1S,A03S-1302,AP2,2,large,1156.679767112403,1156.679767112403,1156.679767112403
AP2-G3-1-1P,A03S-1302,AP2,2,large,1156.679767112403,1156.679767112403,1156.679767112403
AP2-G3-1-1S,A03S-1302,AP2,2,large,1156.679767112403,1156.679767112403,1156.679767112403
AP2-G3-2-1P,A03S-1302,AP2,2,large,1156.679767112403,1156.679767112403,1156.679767112403
AP2-G3-2-1S,A03S-1302,AP2,2,large,1156.679767112403,1156.679767112403,1156.679767112403
AP2-G4-2-1P,A03S-1302,AP2,2,large,1156.679767112403,1156.679767112403,1156.679767112403
AP2-G4-2-1S,A03S-1302,AP2,2,large,1156.679767112403,1156.679767112403,1156.679767112403
AP2-G4-3-1P,A03S-1302,AP2,2,large,1156.679767112403,1156.679767112403,1156.679767112403
AP2-G4-3-1S,A03S-1302,AP2,2,large,1156.679767112403,1156.679767112403,1156.679767112403
AP2-G5-1-1P,A03S-1302,AP2,2,large,1156.679767112403,1156.679767112403,1156.679767112403
AP2-G5-1-1S,A03S-1302,AP2,2,large,1156.679767112403,1156.679767112403,1156.679767112403
AP2-G5-2-1P,A03S-1302,AP2,2,large,1156.679767112403,1156.679767112403,1156.679767112403
AP2-G5-2-1S,A03S-1302,AP2,2,large,1156.679767112403,1156.679767112403,1156.679767112403
AP2-JMG-650P,A03S-1251,AP2,5,large,1008.4285684358398,1084.4541044358398,1084.4541044358398
AP2-JMG-650S,A03S-1251,AP2,5,large,1008.4285684358398,1084.4541044358398,1084.4541044358398
STA238FC-F240-1SP-4SP,T63S-4089,STA238FC,1,small,1042.6088618324618,1206.6972113079921,1516.2975782610745
STA238FC-F240-1SP-6SP,T63S-4089,STA238FC,1,small,1042.6088618324618,1206.6972113079921,1516.2975782610745
STA238FC-F240-3-1P,T63S-4089,STA238FC,2,small,1042.6088618324618,1416.8724211509525,1517.6725782610745
STA238FC-F240-3-1S,T63S-4089,STA238FC,2,small,1042.6088618324618,1416.8724211509525,1517.6725782610745
STA238FC-F240-4P-1P,T63S-4089,STA238FC,2,small,1042.6088618324618,1416.8724211509525,1517.6725782610745
STA238FC-P1-1B1-1P,T63S-4097,STA238FC,1,small,1095.6078563754158,1365.489789643016,1516.2975782610745
STA238FC-P1-1B1-1S,T63S-4097,STA238FC,1,small,1095.6078563754158,1365.489789643016,1516.2975782610745
STA238FC-P1-1B2-1P,T63S-4097,STA238FC,1,small,1095.6078563754158,1365.489789643016,1516.2975782610745
STA238FC-P1-1B2-1S,T63S-4097,STA238FC,1,small,1095.6078563754158,1365.489789643016,1516.2975782610745
STA238FC-P1-1-1P,T63S-4097,STA238FC,2,small,1095.6078563754158,1485.349174806862,1517.6725782610745
STA238FC-P1-1-1S,T63S-4097,STA238FC,2,small,1095.6078563754158,1485.349174806862,1517.6725782610745
STA238FC-P1-1F1-2P,T63S-4097,STA238FC,2,small,1095.6078563754158,1485.349174806862,1517.6725782610745
STA238FC-P1-1F1-2S,T63S-4097,STA238FC,2,small,1095.6078563754158,1485.349174806862,1517.6725782610745
STA238FC-F238-1SP-1BSP,T63S-4101,STA238FC,1,small,1180.2504205023993,1365.489789643016,1516.2975782610745
STA238FC-F238-1SP-2BSP,T63S-4101,STA238FC,1,small,1180.2504205023993,1365.489789643016,1516.2975782610745
STA238FC-F238-1SP-3BSP,T63S-4101,STA238FC,1,small,1180.2504205023993,1365.489789643016,1516.2975782610745
STA238FC-F238-1SP-4BSP,T63S-4101,STA238FC,1,small,1180.2504205023993,1365.489789643016,1516.2975782610745
STA238FC-F240-1SP-1BSP,T63S-4101,STA238FC,1,small,1180.2504205023993,1365.489789643016,1516.2975782610745
STA238FC-F240-1SP-2BSP,T63S-4101,STA238FC,1,small,1180.2504205023993,1365.489789643016,1516.2975782610745
STA238FC-F240-1SP-3BSP,T63S-4101,STA238FC,1,small,1180.2504205023993,1365.489789643016,1516.2975782610745
STA238FC-F240-1SP-4BSP,T63S-4101,STA238FC,1,small,1180.2504205023993,1365.489789643016,1516.2975782610745
STA238FC-F240-1SP-5BSP,T63S-4101,STA238FC,1,small,1180.2504205023993,1365.489789643016,1516.2975782610745
STA238FC-F240-1SP-6BSP,T63S-4101,STA238FC,1,small,1180.2504205023993,1365.489789643016,1516.2975782610745
STA238FC-F240-1SP-7BSP,T63S-4101,STA238FC,1,small,1180.2504205023993,1365.489789643016,1516.2975782610745
STA238FC-F240-1SP-8BSP,T63S-4101,STA238FC,1,small,1180.2504205023993,1365.489789643016,1516.2975782610745
STA238FC-AG-1-1P,T63S-4101,STA238FC,2,small,1180.2504205023993,1485.349174806862,1517.6725782610745
STA238FC-AG-1-1S,T63S-4101,STA238FC,2,small,1180.2504205023993,1485.349174806862,1517.6725782610745
STA238FC-CG-1-1P,T63S-4101,STA238FC,2,small,1180.2504205023993,1485.349174806862,1517.6725782610745
STA238FC-CG-1-1S,T63S-4101,STA238FC,2,small,1180.2504205023993,1485.349174806862,1517.6725782610745
STA238FC-ADD-1SP-1SP,T63S-4102,STA238FC,1,large,1192.6732811038275,1192.6732811038275,1192.6732811038275
STA238FC-F240-1SP-1SP,T63S-4099,STA238FC,1,large,1138.0802814187073,1138.0802814187073,1138.0802814187073
STA238FC-F238-1SP-1SP,T63S-4098,STA238FC,1,large,1224.5922949106891,1224.5922949106891,1224.5922949106891
STA238FC-F240-1SP-2SP,T63S-4094,STA238FC,1,small,1202.6732811038275,1365.489789643016,1516.2975782610745
STA238FC-F240-1SP-5SP,T63S-4094,STA238FC,1,small,1202.6732811038275,1206.6972113079921,1516.2975782610745
STA238FC-F240-1SP-3SP,T63S-4094,STA238FC,1,large,1202.6732811038275,1202.6732811038275,1202.6732811038275
STA238FC-F238-1SP-2SP,T63S-4093,STA238FC,1,large,1276.6829165238696,1276.6829165238696,1276.6829165238696
STA238FC-F238-CG1-1P,T63S-4100,STA238FC,1,small,1402.784655516032,1365.489789643016,1516.2975782610745
STA238FC-F238-CG1-1S,T63S-4100,STA238FC,1,small,1402.784655516032,1365.489789643016,1516.2975782610745
STA238FC-F238-CG1D1-1P,T63S-4100,STA238FC,1,small,1402.784655516032,1365.489789643016,1516.2975782610745
STA238FC-F238-CG1D1-1S,T63S-4100,STA238FC,1,small,1402.784655516032,1365.489789643016,1516.2975782610745
STA238FC-F238-CG2-1P,T63S-4100,STA238FC,1,small,1402.784655516032,1365.489789643016,1516.2975782610745
STA238FC-F238-CG2-1S,T63S-4100,STA238FC,1,small,1402.784655516032,1365.489789643016,1516.2975782610745
STA238FC-F238-CG2D1-1P,T63S-4100,STA238FC,1,small,1402.784655516032,1365.489789643016,1516.2975782610745
STA238FC-F238-CG2D1-1S,T63S-4100,STA238FC,1,small,1402.784655516032,1365.489789643016,1516.2975782610745
STA238FC-F238-CG3-1P,T63S-4100,STA238FC,1,small,1402.784655516032,1365.489789643016,1516.2975782610745
STA238FC-F238-CG3-1S,T63S-4100,STA238FC,1,small,1402.784655516032,1365.489789643016,1516.2975782610745
STA238FC-F238-CG3D1-1P,T63S-4100,STA238FC,1,small,1402.784655516032,1365.489789643016,1516.2975782610745
STA238FC-F238-CG3D1-1S,T63S-4100,STA238FC,1,small,1402.784655516032,1365.489789643016,1516.2975782610745
STA238FC-F238-CG4D1SP-1S,T63S-4100,STA238FC,1,small,1402.784655516032,1365.489789643016,1516.2975782610745
STA238FC-F238-CG4SP-1SP,T63S-4100,STA238FC,1,small,1402.784655516032,1365.489789643016,1516.2975782610745
STA238FC-F240-CG1-1P,T63S-4100,STA238FC,1,small,1402.784655516032,1365.489789643016,1516.2975782610745
STA238FC-F240-CG1-1S,T63S-4100,STA238FC,1,small,1402.784655516032,1365.489789643016,1516.2975782610745
STA238FC-F240-CG1D1-1P,T63S-4100,STA238FC,1,small,1402.784655516032,1365.489789643016,1516.2975782610745
STA238FC-F240-CG1D1-1S,T63S-4100,STA238FC,1,small,1402.784655516032,1365.489789643016,1516.2975782610745
STA238FC-F240-CG2-1P,T63S-4100,STA238FC,1,small,1402.784655516032,1365.489789643016,1516.2975782610745
STA238FC-F240-CG2-1S,T63S-4100,STA238FC,1,small,1402.784655516032,1365.489789643016,1516.2975782610745
STA238FC-F240-CG2D1-1P,T63S-4100,STA238FC,1,small,1402.784655516032,1365.489789643016,1516.2975782610745
STA238FC-F240-CG2D1-1S,T63S-4100,STA238FC,1,small,1402.784655516032,1365.489789643016,1516.2975782610745
STA238FC-F240-CG3-1P,T63S-4100,STA238FC,1,small,1402.784655516032,1365.489789643016,1516.2975782610745
STA238FC-F240-CG3-1S,T63S-4100,STA238FC,1,small,1402.784655516032,1365.489789643016,1516.2975782610745
STA238FC-F240-CG3D1-1P,T63S-4100,STA238FC,1,small,1402.784655516032,1365.489789643016,1516.2975782610745
STA238FC-F240-CG3D1-1S,T63S-4100,STA238FC,1,small,1402.784655516032,1365.489789643016,1516.2975782610745
STA238FC-F240-CG4D1SP-1S,T63S-4100,STA238FC,1,small,1402.784655516032,1365.489789643016,1516.2975782610745
STA238FC-F240-CG4SP-1SP,T63S-4100,STA238FC,1,small,1402.784655516032,1365.489789643016,1516.2975782610745
STA238FC-F238A-2P-1P,T63S-4100,STA238FC,2,small,1402.784655516032,1485.349174806862,1517.6725782610745
STA238FC-F238A-3SP-1SP,T63S-4100,STA238FC,2,small,1402.784655516032,1485.349174806862,1517.6725782610745
STA238FC-F238A-4S-1S,T63S-4100,STA238FC,2,small,1402.784655516032,1485.349174806862,1517.6725782610745
STA238FC-F240A-1SP-1SP,T63S-4100,STA238FC,2,small,1402.784655516032,1485.349174806862,1517.6725782610745
STA238FC-F240A-2P-1P,T63S-4100,STA238FC,2,small,1402.784655516032,1485.349174806862,1517.6725782610745
STA238FC-F240A-4S-1S,T63S-4100,STA238FC,2,small,1402.784655516032,1485.349174806862,1517.6725782610745
STA238FC-R3-1B1P-1P,T63S-4100,STA238FC,3,small,1402.784655516032,1669.7173132619212,1524.0475782610745
STA238FC-BG-2WP-2P,T63S-4103,STA238FC,2,small,1333.8344182547012,1380.1734826821655,1517.6725782610745
STA238FC-BG-3WS-2S,T63S-4103,STA238FC,2,small,1333.8344182547012,1380.1734826821655,1517.6725782610745
STA238FC-MG-2WSP-2SP,T63S-4103,STA238FC,2,small,1333.8344182547012,1380.1734826821655,1517.6725782610745
STA238FC-BG-1-1P,T63S-4103,STA238FC,1,large,1333.8344182547012,1332.850359983639,1332.850359983639
STA238FC-BG-1-1S,T63S-4103,STA238FC,1,large,1333.8344182547012,1332.850359983639,1332.850359983639
STA238FC-MG-1SP-1SP,T63S-4103,STA238FC,1,large,1333.8344182547012,1332.850359983639,1332.850359983639
STA238FC-F238A-3SP-2SP,T63S-4088,STA238FC,2,small,1416.4629912303176,1416.8724211509525,1517.6725782610745
STA238FC-F240-5S-1S,T63S-4088,STA238FC,2,small,1416.4629912303176,1416.8724211509525,1517.6725782610745
STA238FC-F238A-1P-1P,T63S-4088,STA238FC,3,small,1416.4629912303176,1424.6224211509525,1524.0475782610745
STA238FC-P1-1F1-1P,T63S-4091,STA238FC,2,small,1447.8768703504754,1485.349174806862,1517.6725782610745
STA238FC-P1-1F1-1S,T63S-4091,STA238FC,2,small,1447.8768703504754,1485.349174806862,1517.6725782610745
STA238FC-P1-1F1-3P,T63S-4091,STA238FC,2,small,1447.8768703504754,1485.349174806862,1517.6725782610745
STA238FC-P1-1F1-3S,T63S-4091,STA238FC,2,small,1447.8768703504754,1485.349174806862,1517.6725782610745
STA238FC-AG-2P-1P,T63S-4096,STA238FC,2,small,1377.4234826821655,1380.1734826821655,1517.6725782610745
STA238FC-AG-3S-1S,T63S-4096,STA238FC,2,small,1377.4234826821655,1380.1734826821655,1517.6725782610745
STA238FC-BG-2WP-1P,T63S-4096,STA238FC,2,small,1377.4234826821655,1380.1734826821655,1517.6725782610745
STA238FC-BG-3WS-1S,T63S-4096,STA238FC,2,small,1377.4234826821655,1380.1734826821655,1517.6725782610745
STA238FC-CG-2-1P,T63S-4096,STA238FC,2,small,1377.4234826821655,1380.1734826821655,1517.6725782610745
STA238FC-CG-2-1S,T63S-4096,STA238FC,2,small,1377.4234826821655,1380.1734826821655,1517.6725782610745
STA238FC-MG-2WSP-1SP,T63S-4096,STA238FC,2,small,1377.4234826821655,1380.1734826821655,1517.6725782610745
STA238FC-S1-1B1-1P,T63S-4092,STA238FC,2,small,1508.1313654417825,1485.349174806862,1517.6725782610745
STA238FC-S1-1B1-1S,T63S-4092,STA238FC,2,small,1508.1313654417825,1485.349174806862,1517.6725782610745
STA238FC-S1-2B1-1P,T63S-4092,STA238FC,2,small,1508.1313654417825,1485.349174806862,1517.6725782610745
STA238FC-R2-1B1P-1P,T63S-4092,STA238FC,3,small,1508.1313654417825,1669.7173132619212,1524.0475782610745
STA238FC-R2-1B2P-1P,T63S-4092,STA238FC,3,small,1508.1313654417825,1669.7173132619212,1524.0475782610745
STA238FC-R2-2B1WS-1S,T63S-4092,STA238FC,3,small,1508.1313654417825,1669.7173132619212,1524.0475782610745
STA238FC-R2-2B2WS-1S,T63S-4092,STA238FC,3,small,1508.1313654417825,1669.7173132619212,1524.0475782610745
STA238FC-R2-3B1S-1S,T63S-4092,STA238FC,3,small,1508.1313654417825,1669.7173132619212,1524.0475782610745
STA238FC-R2-3B2S-1S,T63S-4092,STA238FC,3,small,1508.1313654417825,1669.7173132619212,1524.0475782610745
STA238FC-TOP-1SP-1SP,T63S-4092,STA238FC,3,large,1508.1313654417825,1513.5475782610745,1513.5475782610745
STA238FC-TOP-1SP-3SP,T63S-4092,STA238FC,3,large,1508.1313654417825,1513.5475782610745,1513.5475782610745
STA238FC-F238-1B1P-1P,T63S-4855,STA238FC,3,small,1393.9089146662927,1396.6589146662927,1524.0475782610745
STA238FC-F238-1B2WS-1S,T63S-4855,STA238FC,3,small,1393.9089146662927,1396.6589146662927,1524.0475782610745
STA238FC-F240-1B1P-1P,T63S-4855,STA238FC,3,small,1393.9089146662927,1396.6589146662927,1524.0475782610745
STA238FC-F240-1B2WS-1S,T63S-4855,STA238FC,3,small,1393.9089146662927,1396.6589146662927,1524.0475782610745
STA238FC-TOP-1SP-6SP,T63S-4090,STA238FC,3,large,1407.784655516032,1407.784655516032,1407.784655516032
STA238FC-TOP-1SP-4SP,T63S-4084,STA238FC,3,small,1452.8625555551873,1448.7354259520127,1524.0475782610745
STA238FC-TOP-1SP-5SP,T63S-4084,STA238FC,3,small,1452.8625555551873,1452.8625555551873,1524.0475782610745
STA238FC-TOP-1SP-7SP,T63S-4087,STA238FC,3,large,1503.7014735490368,1503.7014735490368,1503.7014735490368
STA238FC-TOP-1SP-2SP,T63S-4086,STA238FC,3,large,1492.836683205784,1492.836683205784,1492.836683205784
STA238FC-R1-1B1-1P,T63S-4095,STA238FC,3,small,1666.9673132619212,1669.7173132619212,1524.0475782610745
STA238FC-R1-1B1-1S,T63S-4095,STA238FC,3,small,1666.9673132619212,1669.7173132619212,1524.0475782610745
STA238FC-R1-1B2-1P,T63S-4095,STA238FC,3,small,1666.9673132619212,1669.7173132619212,1524.0475782610745
STA238FC-R1-1B2-1S,T63S-4095,STA238FC,3,small,1666.9673132619212,1669.7173132619212,1524.0475782610745
STA238FC-R1-2B1P-1P,T63S-4095,STA238FC,3,small,1666.9673132619212,1669.7173132619212,1524.0475782610745
STA238FC-R1-2B2P-1P,T63S-4095,STA238FC,3,small,1666.9673132619212,1669.7173132619212,1524.0475782610745
STA238FC-R1-3B1P-1P,T63S-4095,STA238FC,3,small,1666.9673132619212,1669.7173132619212,1524.0475782610745
STA238FC-R1-3B2P-1P,T63S-4095,STA238FC,3,small,1666.9673132619212,1669.7173132619212,1524.0475782610745
STA238FC-R1-4B1P-1P,T63S-4095,STA238FC,3,small,1666.9673132619212,1669.7173132619212,1524.0475782610745
STA238FC-R1-4B2P-1P,T63S-4095,STA238FC,3,small,1666.9673132619212,1669.7173132619212,1524.0475782610745
STA238FC-R1-5B1-1P,T63S-4095,STA238FC,3,small,1666.9673132619212,1669.7173132619212,1524.0475782610745
STA238FC-R1-5B1-1S,T63S-4095,STA238FC,3,small,1666.9673132619212,1669.7173132619212,1524.0475782610745
STA238FC-R1-5B2-1P,T63S-4095,STA238FC,3,small,1666.9673132619212,1669.7173132619212,1524.0475782610745
STA238FC-R1-5B2-1S,T63S-4095,STA238FC,3,small,1666.9673132619212,1669.7173132619212,1524.0475782610745
STA238FC-R1-6B1-1P,T63S-4095,STA238FC,3,small,1666.9673132619212,1669.7173132619212,1524.0475782610745
STA238FC-R1-6B1-1S,T63S-4095,STA238FC,3,small,1666.9673132619212,1669.7173132619212,1524.0475782610745
STA238FC-R1-6B2-1P,T63S-4095,STA238FC,3,small,1666.9673132619212,1669.7173132619212,1524.0475782610745
STA238FC-R1-6B2-1S,T63S-4095,STA238FC,3,small,1666.9673132619212,1669.7173132619212,1524.0475782610745
STA238FC-R1-7B1S-1S,T63S-4095,STA238FC,3,small,1666.9673132619212,1669.7173132619212,1524.0475782610745
STA238FC-R1-7B2S-1S,T63S-4095,STA238FC,3,small,1666.9673132619212,1669.7173132619212,1524.0475782610745
STA238FC-R1-8B1S-1S,T63S-4095,STA238FC,3,small,1666.9673132619212,1669.7173132619212,1524.0475782610745
STA238FC-R1-8B2S-1S,T63S-4095,STA238FC,3,small,1666.9673132619212,1669.7173132619212,1524.0475782610745
STA238FC-R1-9B1S-1S,T63S-4095,STA238FC,3,small,1666.9673132619212,1669.7173132619212,1524.0475782610745
STA238FC-R1-9B2S-1S,T63S-4095,STA238FC,3,small,1666.9673132619212,1669.7173132619212,1524.0475782610745
DC12-F69-1B1SP-1SP,U02S-1347,DC12,1,small,1532.2341727582946,1588.5849397067445,2143.6908698684124
DC12-F69-1B2P-1P,U02S-1347,DC12,1,small,1532.2341727582946,1588.5849397067445,2143.6908698684124
DC12-F69-1B3S-1S,U02S-1347,DC12,1,small,1532.2341727582946,1588.5849397067445,2143.6908698684124
DC12-F69-1B5-1P,U02S-1347,DC12,1,small,1532.2341727582946,1588.5849397067445,2143.6908698684124
DC12-F69-1B5-1S,U02S-1347,DC12,1,small,1532.2341727582946,1588.5849397067445,2143.6908698684124
DC12-F69-1B6-1P,U02S-1347,DC12,1,small,1532.2341727582946,1588.5849397067445,2143.6908698684124
DC12-F69-1B7-1P,U02S-1347,DC12,1,small,1532.2341727582946,1588.5849397067445,2143.6908698684124
DC12-F69-1B7-1S,U02S-1347,DC12,1,small,1532.2341727582946,1588.5849397067445,2143.6908698684124
DC12-F69-1B8S-1S,U02S-1347,DC12,1,small,1532.2341727582946,1588.5849397067445,2143.6908698684124
DC12-F64-1B1-1P,U02S-1340,DC12,3,small,1724.6339524682705,1992.8379437331705,2151.4408698684124
DC12-F64-1B1-1S,U02S-1340,DC12,3,small,1724.6339524682705,1992.8379437331705,2151.4408698684124
DC12-F64-1B2-1P,U02S-1340,DC12,3,small,1724.6339524682705,1992.8379437331705,2151.4408698684124
DC12-F64-1B2-1S,U02S-1340,DC12,3,small,1724.6339524682705,1992.8379437331705,2151.4408698684124
DC12-F64-1B3-1P,U02S-1340,DC12,3,small,1724.6339524682705,1992.8379437331705,2151.4408698684124
DC12-F64-1B3-1S,U02S-1340,DC12,3,small,1724.6339524682705,1992.8379437331705,2151.4408698684124
DC12-F76-1B1-1S,U02S-1340,DC12,3,small,1724.6339524682705,1992.8379437331705,2151.4408698684124
DC12-F76-1B2-1P,U02S-1340,DC12,3,small,1724.6339524682705,1992.8379437331705,2151.4408698684124
DC12-F76-1B2-1S,U02S-1340,DC12,3,small,1724.6339524682705,1992.8379437331705,2151.4408698684124
DC12-F76-1B3-1P,U02S-1340,DC12,3,small,1724.6339524682705,1992.8379437331705,2151.4408698684124
DC12-F76-1B3-1S,U02S-1340,DC12,3,small,1724.6339524682705,1992.8379437331705,2151.4408698684124
DC12-AG-1-1P,U02S-1340,DC12,2,large,1724.6339524682705,1696.9181863077972,1696.9181863077972
DC12-AG-1-1S,U02S-1340,DC12,2,large,1724.6339524682705,1696.9181863077972,1696.9181863077972
DC12-AG-2-1P,U02S-1340,DC12,2,large,1724.6339524682705,1696.9181863077972,1696.9181863077972
DC12-AG-2-1S,U02S-1340,DC12,2,large,1724.6339524682705,1696.9181863077972,1696.9181863077972
DC12-UD-1KSP-14BSP,U02S-1348,DC12,1,small,1585.8349397067445,1588.5849397067445,2143.6908698684124
DC12-UD-1KSP-15BSP,U02S-1348,DC12,1,small,1585.8349397067445,1588.5849397067445,2143.6908698684124
DC12-UD-1KSP-16BSP,U02S-1348,DC12,1,small,1585.8349397067445,1588.5849397067445,2143.6908698684124
DC12-UD-1KSP-3BSP,U02S-1348,DC12,1,small,1585.8349397067445,1588.5849397067445,2143.6908698684124
DC12-UD-1KSP-4BSP,U02S-1348,DC12,1,small,1585.8349397067445,1588.5849397067445,2143.6908698684124
DC12-UD-1KSP-5BSP,U02S-1348,DC12,1,small,1585.8349397067445,1588.5849397067445,2143.6908698684124
DC12-F70-1SP-1SP,U02S-1338,DC12,1,large,1603.554657494048,1717.5614663077972,1717.5614663077972
DC12-DG-1-1BP,U02S-1344,DC12,2,small,1726.2842032018686,1959.1872396422891,2145.0658698684124
DC12-DG-1-1BS,U02S-1344,DC12,2,small,1726.2842032018686,1959.1872396422891,2145.0658698684124
DC12-DG-1-2BP,U02S-1344,DC12,2,small,1726.2842032018686,1959.1872396422891,2145.0658698684124
DC12-DG-1-2BS,U02S-1344,DC12,2,small,1726.2842032018686,1959.1872396422891,2145.0658698684124
DC12-DG-2-1BP,U02S-1344,DC12,2,small,1726.2842032018686,1959.1872396422891,2145.0658698684124
DC12-DG-2-1BS,U02S-1344,DC12,2,small,1726.2842032018686,1959.1872396422891,2145.0658698684124
DC12-DG-2-2BP,U02S-1344,DC12,2,small,1726.2842032018686,1959.1872396422891,2145.0658698684124
DC12-DG-2-2BS,U02S-1344,DC12,2,small,1726.2842032018686,1959.1872396422891,2145.0658698684124
DC12-DG-2-3BP,U02S-1344,DC12,2,small,1726.2842032018686,1959.1872396422891,2145.0658698684124
DC12-DG-2-3BS,U02S-1344,DC12,2,small,1726.2842032018686,1959.1872396422891,2145.0658698684124
DC12-F64-1B6-1P,U02S-1344,DC12,4,small,1726.2842032018686,1977.3655757534002,2157.8158698684124
DC12-F64-1B6-1S,U02S-1344,DC12,4,small,1726.2842032018686,1977.3655757534002,2157.8158698684124
DC12-F76-1B6-1P,U02S-1344,DC12,4,small,1726.2842032018686,1977.3655757534002,2157.8158698684124
DC12-F76-1B6-1S,U02S-1344,DC12,4,small,1726.2842032018686,1977.3655757534002,2157.8158698684124
DC12-AG-3P-1P,U02S-1344,DC12,1,large,1726.2842032018686,1678.2384994778151,1678.2384994778151
DC12-AG-4S-1S,U02S-1344,DC12,1,large,1726.2842032018686,1678.2384994778151,1678.2384994778151
DC12-CG-3-1P,U02S-1344,DC12,1,large,1726.2842032018686,1678.2384994778151,1678.2384994778151
DC12-CG-3-1S,U02S-1344,DC12,1,large,1726.2842032018686,1678.2384994778151,1678.2384994778151
DC12-DG-3-1P,U02S-1344,DC12,1,large,1726.2842032018686,1678.2384994778151,1678.2384994778151
DC12-DG-3-1S,U02S-1344,DC12,1,large,1726.2842032018686,1678.2384994778151,1678.2384994778151
DC12-AG-4S-1BS,U02S-1343,DC12,1,small,1990.0879437331705,1900.167428177615,2143.6908698684124
DC12-DG-3-1BP,U02S-1343,DC12,1,small,1990.0879437331705,1900.167428177615,2143.6908698684124
DC12-DG-3-1BS,U02S-1343,DC12,1,small,1990.0879437331705,1900.167428177615,2143.6908698684124
DC12-DG-3-2BP,U02S-1343,DC12,1,small,1990.0879437331705,1900.167428177615,2143.6908698684124
DC12-DG-3-2BS,U02S-1343,DC12,1,small,1990.0879437331705,1900.167428177615,2143.6908698684124
DC12-UD-1KSP-12BSP,U02S-1343,DC12,1,small,1990.0879437331705,1900.167428177615,2143.6908698684124
DC12-UD-1KSP-13BSP,U02S-1343,DC12,1,small,1990.0879437331705,1900.167428177615,2143.6908698684124
DC12-UD-1KSP-1BSP,U02S-1343,DC12,1,small,1990.0879437331705,1900.167428177615,2143.6908698684124
DC12-UD-1KSP-2BSP,U02S-1343,DC12,1,small,1990.0879437331705,1900.167428177615,2143.6908698684124
DC12-UD-1KSP-6BSP,U02S-1343,DC12,1,small,1990.0879437331705,1900.167428177615,2143.6908698684124
DC12-DG-1-3BP,U02S-1343,DC12,2,small,1990.0879437331705,1917.300121987139,2145.0658698684124
DC12-DG-1-4BS,U02S-1343,DC12,2,small,1990.0879437331705,1917.300121987139,2145.0658698684124
DC12-DG-2-4BP,U02S-1343,DC12,2,small,1990.0879437331705,1917.300121987139,2145.0658698684124
DC12-DG-2-5BS,U02S-1343,DC12,2,small,1990.0879437331705,1917.300121987139,2145.0658698684124
DC12-F64-1B10-1P,U02S-1343,DC12,3,small,1990.0879437331705,1992.8379437331705,2151.4408698684124
DC12-F64-1B10-1S,U02S-1343,DC12,3,small,1990.0879437331705,1992.8379437331705,2151.4408698684124
DC12-F64-1B11-1P,U02S-1343,DC12,3,small,1990.0879437331705,1992.8379437331705,2151.4408698684124
DC12-F64-1B11-1S,U02S-1343,DC12,3,small,1990.0879437331705,1992.8379437331705,2151.4408698684124
DC12-F64-1B8-1P,U02S-1343,DC12,3,small,1990.0879437331705,1992.8379437331705,2151.4408698684124
DC12-F64-1B9-1P,U02S-1343,DC12,3,small,1990.0879437331705,1992.8379437331705,2151.4408698684124
DC12-F64-1B9-1S,U02S-1343,DC12,3,small,1990.0879437331705,1992.8379437331705,2151.4408698684124
DC12-F76-1B1-1P,U02S-1343,DC12,3,small,1990.0879437331705,1992.8379437331705,2151.4408698684124
DC12-F76-1B10-1P,U02S-1343,DC12,3,small,1990.0879437331705,1992.8379437331705,2151.4408698684124
DC12-F76-1B10-1S,U02S-1343,DC12,3,small,1990.0879437331705,1992.8379437331705,2151.4408698684124
DC12-F76-1B11-1P,U02S-1343,DC12,3,small,1990.0879437331705,1992.8379437331705,2151.4408698684124
DC12-F76-1B11-1S,U02S-1343,DC12,3,small,1990.0879437331705,1992.8379437331705,2151.4408698684124
DC12-F76-1B8-1P,U02S-1343,DC12,3,small,1990.0879437331705,1992.8379437331705,2151.4408698684124
DC12-F76-1B9-1P,U02S-1343,DC12,3,small,1990.0879437331705,1992.8379437331705,2151.4408698684124
DC12-F76-1B9-1S,U02S-1343,DC12,3,small,1990.0879437331705,1992.8379437331705,2151.4408698684124
DC12-CG-1-1P,U02S-1343,DC12,2,large,1990.0879437331705,1878.7380358650396,1878.7380358650396
DC12-CG-1-1S,U02S-1343,DC12,2,large,1990.0879437331705,1878.7380358650396,1878.7380358650396
DC12-CG-2-1P,U02S-1343,DC12,2,large,1990.0879437331705,1878.7380358650396,1878.7380358650396
DC12-CG-2-1S,U02S-1343,DC12,2,large,1990.0879437331705,1878.7380358650396,1878.7380358650396
DC12-DG-1-1P,U02S-1343,DC12,2,large,1990.0879437331705,1878.7380358650396,1878.7380358650396
DC12-DG-1-1S,U02S-1343,DC12,2,large,1990.0879437331705,1878.7380358650396,1878.7380358650396
DC12-DG-2-1P,U02S-1343,DC12,2,large,1990.0879437331705,1878.7380358650396,1878.7380358650396
DC12-DG-2-1S,U02S-1343,DC12,2,large,1990.0879437331705,1878.7380358650396,1878.7380358650396
DC12-AG-1-2BP,U02S-1346,DC12,2,small,1773.732591693932,1731.225700662186,2145.0658698684124
DC12-AG-1-2BS,U02S-1346,DC12,2,small,1773.732591693932,1736.1671981225034,2145.0658698684124
DC12-AG-2-2BP,U02S-1346,DC12,2,small,1773.732591693932,1741.023297805043,2145.0658698684124
DC12-AG-2-2BS,U02S-1346,DC12,2,small,1773.732591693932,1745.8793973288525,2145.0658698684124
DC12-CG-2-3BP,U02S-1346,DC12,2,small,1773.732591693932,1750.6430480431382,2145.0658698684124
DC12-CG-2-3BS,U02S-1346,DC12,2,small,1773.732591693932,1755.4066987574238,2145.0658698684124
DC12-F64-1B7-1P,U02S-1346,DC12,3,small,1773.732591693932,1776.482591693932,2151.4408698684124
DC12-F64-1B7-1S,U02S-1346,DC12,3,small,1773.732591693932,1776.482591693932,2151.4408698684124
DC12-F76-1B7-1P,U02S-1346,DC12,3,small,1773.732591693932,1776.482591693932,2151.4408698684124
DC12-F76-1B7-1S,U02S-1346,DC12,3,small,1773.732591693932,1776.482591693932,2151.4408698684124
DC12-AG-1-1BP,U02S-1345,DC12,2,small,1824.8469552653598,1959.1872396422891,2145.0658698684124
DC12-AG-1-1BS,U02S-1345,DC12,2,small,1824.8469552653598,1959.1872396422891,2145.0658698684124
DC12-AG-2-1BP,U02S-1345,DC12,2,small,1824.8469552653598,1959.1872396422891,2145.0658698684124
DC12-AG-2-1BS,U02S-1345,DC12,2,small,1824.8469552653598,1959.1872396422891,2145.0658698684124
DC12-CG-1-1BP,U02S-1345,DC12,2,small,1824.8469552653598,1959.1872396422891,2145.0658698684124
DC12-CG-1-1BS,U02S-1345,DC12,2,small,1824.8469552653598,1959.1872396422891,2145.0658698684124
DC12-CG-1-2BP,U02S-1345,DC12,2,small,1824.8469552653598,1959.1872396422891,2145.0658698684124
DC12-CG-1-2BS,U02S-1345,DC12,2,small,1824.8469552653598,1959.1872396422891,2145.0658698684124
DC12-CG-2-1BP,U02S-1345,DC12,2,small,1824.8469552653598,1959.1872396422891,2145.0658698684124
DC12-CG-2-1BS,U02S-1345,DC12,2,small,1824.8469552653598,1959.1872396422891,2145.0658698684124
DC12-CG-2-2BP,U02S-1345,DC12,2,small,1824.8469552653598,1959.1872396422891,2145.0658698684124
DC12-CG-2-2BS,U02S-1345,DC12,2,small,1824.8469552653598,1959.1872396422891,2145.0658698684124
DC12-UD-1KSP-1SP,U02B-1332,DC12,4,large,1816.57953756052,1816.57953756052,1816.57953756052
DC12-UD-1KSP-10BSP,U02S-1335,DC12,2,small,1924.265701360926,1959.1872396422891,2145.0658698684124
DC12-UD-1KSP-8BSP,U02S-1335,DC12,2,small,1924.265701360926,1959.1872396422891,2145.0658698684124
DC12-CHL-1E-1P,U02S-1335,DC12,4,small,1924.265701360926,1899.2566396942595,2157.8158698684124
DC12-CHL-1E-1S,U02S-1335,DC12,4,small,1924.265701360926,1901.4233396942595,2157.8158698684124
DC12-CHL-2E-1P,U02S-1335,DC12,4,small,1924.265701360926,1903.5900396942595,2157.8158698684124
DC12-CHL-2E-1S,U02S-1335,DC12,4,small,1924.265701360926,1905.7567396942595,2157.8158698684124
DC12-CHL-4E-1P,U02S-1335,DC12,4,small,1924.265701360926,1910.4952425514023,2157.8158698684124
DC12-CHL-4E-1S,U02S-1335,DC12,4,small,1924.265701360926,1915.233745249815,2157.8158698684124
DC12-CHL-6E-1P,U02S-1335,DC12,4,small,1924.265701360926,1919.749723345053,2157.8158698684124
DC12-CHL-6E-1S,U02S-1335,DC12,4,small,1924.265701360926,1924.265701360926,2157.8158698684124
DC12-F68-1SP-1SP,U02S-1341,DC12,2,small,1974.6155757534002,1959.1872396422891,2145.0658698684124
DC12-F71-1SP-1SP,U02S-1341,DC12,2,small,1974.6155757534002,1959.1872396422891,2145.0658698684124
DC12-F72-1SP-1SP,U02S-1341,DC12,2,small,1974.6155757534002,1959.1872396422891,2145.0658698684124
DC12-UD-1KSP-7BSP,U02S-1341,DC12,2,small,1974.6155757534002,1959.1872396422891,2145.0658698684124
DC12-UD-1KSP-9BSP,U02S-1341,DC12,2,small,1974.6155757534002,1959.1872396422891,2145.0658698684124
DC12-F71-2-1P,U02S-1341,DC12,4,small,1974.6155757534002,1977.3655757534002,2157.8158698684124
DC12-F71-2-1S,U02S-1341,DC12,4,small,1974.6155757534002,1977.3655757534002,2157.8158698684124
DC12-UD-1KSP-11BSP,U02S-1341,DC12,4,small,1974.6155757534002,1977.3655757534002,2157.8158698684124
DC12-F64-1KSP-1SP,U02S-1339,DC12,3,large,1887.999929499631,1920.047377499631,1920.047377499631
DC12-F64-1KSP-2SP,U02S-1339,DC12,3,large,1887.999929499631,1920.047377499631,1920.047377499631
DC12-F76-1KSP-1SP,U02S-1339,DC12,3,large,1887.999929499631,1920.047377499631,1920.047377499631
DC12-F76-1KSP-2SP,U02S-1339,DC12,3,large,1887.999929499631,1920.047377499631,1920.047377499631
DC12-F64-1B4W-1P,U02S-1336,DC12,3,small,2015.757438066887,1981.1782384637131,2151.4408698684124
DC12-F64-1B4W-1S,U02S-1336,DC12,3,small,2015.757438066887,1986.1232839399036,2151.4408698684124
DC12-F64-1B5W-1P,U02S-1336,DC12,3,small,2015.757438066887,1991.0668187811734,2151.4408698684124
DC12-F64-1B5W-1S,U02S-1336,DC12,3,small,2015.757438066887,1996.010353622443,2151.4408698684124
DC12-F76-1B4W-1P,U02S-1336,DC12,3,small,2015.757438066887,2000.9478890986334,2151.4408698684124
DC12-F76-1B4W-1S,U02S-1336,DC12,3,small,2015.757438066887,2005.8854244954587,2151.4408698684124
DC12-F76-1B5W-1P,U02S-1336,DC12,3,small,2015.757438066887,2010.8214312414902,2151.4408698684124
DC12-F76-1B5W-1S,U02S-1336,DC12,3,small,2015.757438066887,2015.757438066887,2151.4408698684124
DC12-F64-1KSP-3SP,U02S-1342,DC12,3,large,1959.6564237231967,1959.6564237231967,1959.6564237231967
DC12-F76-1KSP-3SP,U02S-1342,DC12,3,large,1959.6564237231967,1959.6564237231967,1959.6564237231967
DC12-UD-1KSP-3SP,U02B-1334,DC12,4,large,2010.0874568833265,2010.0874568833265,2010.0874568833265
DC12-UD-1KSP-2SP,U02B-1333,DC12,4,large,2025.1007387900563,2025.1007387900563,2025.1007387900563
DC12-F69-1SP-1SP,U02S-1337,DC12,4,large,2083.5704786011697,2109.1937586011695,2109.1937586011695
DC12-UD-1KSP-4SP,U02A-1330,DC12,4,large,2078.934444185609,2078.934444185609,2078.934444185609
DC12-UD-1KSP-5SP,U02A-1331,DC12,4,large,2140.9408698684124,2140.9408698684124,2140.9408698684124
N1-CG-2KS-2S,E01S-1211,BN1,1,large,2100.521354488007,2173.0336946011694,2173.0336946011694
N1-F31-8S-1S,E01S-1211,BN1,2,large,2100.521354488007,2173.0336946011694,2173.0336946011694
N1-F29-7S-1S,E01S-1211,BN1,3,large,2100.521354488007,2173.0336946011694,2173.0336946011694
N1-F19-2-1BS,E01S-1246,BN1,1,small,2284.33728422245,2195.2865589049893,3507.061719944311
N1-F33-1B1K-1P,E01S-1246,BN1,2,small,2284.33728422245,2201.6615589049893,3508.436719944311
N1-F32-2B1-1P,E01S-1246,BN1,4,small,2284.33728422245,3326.4847610294323,3521.186719944311
N1-F26-3B1S-1S,E01S-1246,BN1,5,small,2284.33728422245,3332.8597610294323,3527.561719944311
N1-F28-4B1S-1S,E01S-1246,BN1,5,small,2284.33728422245,3332.8597610294323,3527.561719944311
N1-AG-3-1P,E01S-1246,BN1,6,small,2284.33728422245,3296.1015116900103,3533.936719944311
N1-F17-1B1-1P,E01S-1246,BN1,6,small,2284.33728422245,2223.01953874626,3533.936719944311
N1-F17-1B1-1S,E01S-1246,BN1,6,small,2284.33728422245,2228.04594358753,3533.936719944311
N1-F29-4B1P-1P,E01S-1246,BN1,6,small,2284.33728422245,3296.1015116900103,3533.936719944311
N1-F30-2B1P-1P,E01S-1246,BN1,6,small,2284.33728422245,3296.1015116900103,3533.936719944311
N1-F30-4B1P-1P,E01S-1246,BN1,6,small,2284.33728422245,3296.1015116900103,3533.936719944311
N1-F32-2B1-1S,E01S-1246,BN1,6,small,2284.33728422245,3296.1015116900103,3533.936719944311
N1-AG-3-1S,E01S-1246,BN1,7,small,2284.33728422245,3312.781890737629,3540.311719944311
N1-F27-4B1S-1S,E01S-1246,BN1,7,small,2284.33728422245,3312.781890737629,3540.311719944311
N1-F33-1B1K-1S,E01S-1246,BN1,7,small,2284.33728422245,3312.781890737629,3540.311719944311
N1-F21-1B1P-1P,E01S-1246,BN1,9,small,2284.33728422245,3501.561719944311,3553.061719944311
N1-F30-1B1P-1P,E01S-1246,BN1,9,small,2284.33728422245,3501.561719944311,3553.061719944311
N1-F31-1B1P-1P,E01S-1246,BN1,9,small,2284.33728422245,3501.561719944311,3553.061719944311
N1-F34-2B1-1S,E01S-1246,BN1,9,small,2284.33728422245,3501.561719944311,3553.061719944311
N1-F35-1B1-1P,E01S-1246,BN1,9,small,2284.33728422245,3501.561719944311,3553.061719944311
N1-F31-4P-1P,E01S-1223,BN1,1,small,2171.8303247908575,2656.4916307625226,3507.061719944311
N1-F31-5S-1S,E01S-1223,BN1,2,small,2171.8303247908575,3082.017180591843,3508.436719944311
N1-F32-6P-1P,E01S-1223,BN1,4,small,2171.8303247908575,3279.4810634369314,3521.186719944311
N1-F32-7S-1S,E01S-1223,BN1,6,small,2171.8303247908575,3300.9728606475896,3533.936719944311
N1-F19-2-1BP,E01S-1244,BN1,1,small,2303.4362510510045,2656.4916307625226,3507.061719944311
N1-F30-1SP-2BSP,E01S-1244,BN1,1,small,2303.4362510510045,2656.4916307625226,3507.061719944311
N1-F30-1SP-3BSP,E01S-1244,BN1,1,small,2303.4362510510045,2656.4916307625226,3507.061719944311
N1-F26-4B1P-1P,E01S-1244,BN1,4,small,2303.4362510510045,3279.4810634369314,3521.186719944311
N1-F28-1B1P-1P,E01S-1244,BN1,4,small,2303.4362510510045,3279.4810634369314,3521.186719944311
N1-F28-2B1P-1P,E01S-1244,BN1,4,small,2303.4362510510045,3279.4810634369314,3521.186719944311
N1-F33-3B1-1P,E01S-1244,BN1,4,small,2303.4362510510045,3279.4810634369314,3521.186719944311
N1-F28-3B1S-1S,E01S-1244,BN1,5,small,2303.4362510510045,3285.8560634369314,3527.561719944311
N1-F33-3B1-1S,E01S-1244,BN1,5,small,2303.4362510510045,3285.8560634369314,3527.561719944311
N1-F22-1B1-1P,E01S-1244,BN1,6,small,2303.4362510510045,3300.9728606475896,3533.936719944311
N1-F20-3B1S-1S,E01S-1244,BN1,7,small,2303.4362510510045,3444.218089215035,3540.311719944311
N1-F21-2B1S-1S,E01S-1244,BN1,7,small,2303.4362510510045,3444.218089215035,3540.311719944311
N1-F22-1B1-1S,E01S-1244,BN1,7,small,2303.4362510510045,3444.218089215035,3540.311719944311
N1-F27-2B1S-1S,E01S-1244,BN1,7,small,2303.4362510510045,3444.218089215035,3540.311719944311
N1-LG32-1B1-1P,E01S-1244,BN1,8,small,2303.4362510510045,2707.475245683158,3546.686719944311
N1-LG32-1B1-1S,E01S-1244,BN1,8,small,2303.4362510510045,2707.475245683158,3546.686719944311
N1-F34-1B1-1P,E01S-1244,BN1,9,small,2303.4362510510045,3434.618952743034,3553.061719944311
N1-F34-1B1-1S,E01S-1244,BN1,9,small,2303.4362510510045,3434.618952743034,3553.061719944311
N1-F34-2B1-1P,E01S-1244,BN1,9,small,2303.4362510510045,3434.618952743034,3553.061719944311
N1-F35-1B1-1S,E01S-1244,BN1,9,small,2303.4362510510045,3434.618952743034,3553.061719944311
N1-F19-2-1P,E01S-1209,BN1,1,small,2300.913424778006,2289.8851295399104,3507.061719944311
N1-F19-2-1S,E01S-1209,BN1,1,small,2300.913424778006,2292.0518295399106,3507.061719944311
N1-F20-5-1P,E01S-1209,BN1,1,small,2300.913424778006,2296.178959143085,3507.061719944311
N1-F20-5-1S,E01S-1209,BN1,1,small,2300.913424778006,2300.913424778006,3507.061719944311
N1-F33-1SP-1BSP,E01S-1229,BN1,6,small,2418.2646445213036,3296.1015116900103,3533.936719944311
N1-F33-1SP-2BSP,E01S-1229,BN1,6,small,2418.2646445213036,3296.1015116900103,3533.936719944311
N1-F33-1SP-3BSP,E01S-1229,BN1,6,small,2418.2646445213036,3296.1015116900103,3533.936719944311
N1-F33-1SP-4BSP,E01S-1229,BN1,6,small,2418.2646445213036,3296.1015116900103,3533.936719944311
N1-F33-1SP-5BSP,E01S-1229,BN1,6,small,2418.2646445213036,3296.1015116900103,3533.936719944311
N1-F33-1SP-6BSP,E01S-1229,BN1,6,small,2418.2646445213036,3296.1015116900103,3533.936719944311
N1-F36-1P-1BP,E01S-1229,BN1,6,small,2418.2646445213036,3296.1015116900103,3533.936719944311
N1-F36-1P-3BP,E01S-1229,BN1,6,small,2418.2646445213036,3296.1015116900103,3533.936719944311
N1-F36-1P-6BP,E01S-1229,BN1,6,small,2418.2646445213036,3296.1015116900103,3533.936719944311
N1-F36-2S-5BS,E01S-1229,BN1,7,small,2418.2646445213036,3312.781890737629,3540.311719944311
N1-F36-1P/C1P,E01S-1229,BN1,9,small,2418.2646445213036,3501.561719944311,3553.061719944311
N1-F36-1P/C2P,E01S-1229,BN1,9,small,2418.2646445213036,3501.561719944311,3553.061719944311
N1-CG-2KS-1S,E01S-1229,BN1,1,large,2418.2646445213036,2363.187510848532,2363.187510848532
N1-CG-1KP-1P,E01S-1229,BN1,2,large,2418.2646445213036,2363.187510848532,2363.187510848532
N1-LG3-1-1P,E01S-1204,BN1,1,large,2292.33728422245,2372.99002822245,2372.99002822245
N1-LG3-1-1S,E01S-1204,BN1,1,large,2292.33728422245,2372.99002822245,2372.99002822245
N1-F19-1SP-1BSP,E01S-1226,BN1,3,small,2493.3097269846617,3231.223480340804,3514.811719944311
N1-F34-1-1P,E01S-1226,BN1,6,small,2493.3097269846617,3296.1015116900103,3533.936719944311
N1-F34-1-2P,E01S-1226,BN1,6,small,2493.3097269846617,3296.1015116900103,3533.936719944311
N1-F35-1-1P,E01S-1226,BN1,6,small,2493.3097269846617,3296.1015116900103,3533.936719944311
N1-F35-1-2P,E01S-1226,BN1,6,small,2493.3097269846617,3296.1015116900103,3533.936719944311
N1-F34-1-1S,E01S-1226,BN1,7,small,2493.3097269846617,3312.781890737629,3540.311719944311
N1-F34-1-2S,E01S-1226,BN1,7,small,2493.3097269846617,3312.781890737629,3540.311719944311
N1-F35-1-1S,E01S-1226,BN1,7,small,2493.3097269846617,3312.781890737629,3540.311719944311
N1-F35-1-2S,E01S-1226,BN1,7,small,2493.3097269846617,3312.781890737629,3540.311719944311
N1-F30-1SP-1BSP,E01S-1226,BN1,9,small,2493.3097269846617,3501.561719944311,3553.061719944311
N1-MG-3SP-1SP,E01S-1226,BN1,1,large,2493.3097269846617,2459.46239976244,2459.46239976244
N1-MG-4SP-1SP,E01S-1226,BN1,1,large,2493.3097269846617,2459.46239976244,2459.46239976244
N1-LG1-2-10BP,E01S-1203,BN1,1,small,2520.0100043971074,2656.4916307625226,3507.061719944311
N1-LG1-2-10BS,E01S-1203,BN1,1,small,2520.0100043971074,2656.4916307625226,3507.061719944311
N1-LG1-2-1BP,E01S-1203,BN1,1,small,2520.0100043971074,2656.4916307625226,3507.061719944311
N1-LG1-2-1BS,E01S-1203,BN1,1,small,2520.0100043971074,2656.4916307625226,3507.061719944311
N1-LG1-2-2BP,E01S-1203,BN1,1,small,2520.0100043971074,2656.4916307625226,3507.061719944311
N1-LG1-2-2BS,E01S-1203,BN1,1,small,2520.0100043971074,2656.4916307625226,3507.061719944311
N1-LG1-2-3BP,E01S-1203,BN1,1,small,2520.0100043971074,2656.4916307625226,3507.061719944311
N1-LG1-2-3BS,E01S-1203,BN1,1,small,2520.0100043971074,2656.4916307625226,3507.061719944311
N1-LG1-2-4BP,E01S-1203,BN1,1,small,2520.0100043971074,2656.4916307625226,3507.061719944311
N1-LG1-2-4BS,E01S-1203,BN1,1,small,2520.0100043971074,2656.4916307625226,3507.061719944311
N1-LG1-2-5BP,E01S-1203,BN1,1,small,2520.0100043971074,2656.4916307625226,3507.061719944311
N1-LG1-2-5BS,E01S-1203,BN1,1,small,2520.0100043971074,2656.4916307625226,3507.061719944311
N1-LG1-2-6BP,E01S-1203,BN1,1,small,2520.0100043971074,2656.4916307625226,3507.061719944311
N1-LG1-2-6BS,E01S-1203,BN1,1,small,2520.0100043971074,2656.4916307625226,3507.061719944311
N1-LG1-2-7BP,E01S-1203,BN1,1,small,2520.0100043971074,2656.4916307625226,3507.061719944311
N1-LG1-2-7BS,E01S-1203,BN1,1,small,2520.0100043971074,2656.4916307625226,3507.061719944311
N1-LG1-2-8BP,E01S-1203,BN1,1,small,2520.0100043971074,2656.4916307625226,3507.061719944311
N1-LG1-2-8BS,E01S-1203,BN1,1,small,2520.0100043971074,2656.4916307625226,3507.061719944311
N1-LG1-2-9BP,E01S-1203,BN1,1,small,2520.0100043971074,2656.4916307625226,3507.061719944311
N1-LG1-2-9BS,E01S-1203,BN1,1,small,2520.0100043971074,2656.4916307625226,3507.061719944311
N1-F31-2B1S-1S,E01S-1203,BN1,9,small,2520.0100043971074,3434.618952743034,3553.061719944311
N1-ST-3-2S,E01S-1203,BN1,9,small,2520.0100043971074,3434.618952743034,3553.061719944311
N1-ST1-1B1S-1S,E01S-1203,BN1,9,small,2520.0100043971074,3434.618952743034,3553.061719944311
N1-ST2-1B1S-1S,E01S-1203,BN1,9,small,2520.0100043971074,3434.618952743034,3553.061719944311
N1-F21-7S-1S,E01S-1203,BN1,7,large,2520.0100043971074,2414.268954003946,2414.268954003946
N1-DB-1SP-3SP,E01S-1203,BN1,9,large,2520.0100043971074,2513.790194003946,2513.790194003946
N1-LG2-2P-1P,E01S-1206,BN1,1,large,2565.4941367789484,2742.5090407789485,2742.5090407789485
N1-LG2-4S-1S,E01S-1206,BN1,1,large,2565.4941367789484,2742.5090407789485,2742.5090407789485
N1-F26-1B1P-1P,E01S-1242,BN1,6,small,2629.826376381234,3300.9728606475896,3533.936719944311
N1-F26-5B1P-1P,E01S-1242,BN1,6,small,2629.826376381234,3300.9728606475896,3533.936719944311
N1-F27-1B1P-1P,E01S-1242,BN1,6,small,2629.826376381234,3300.9728606475896,3533.936719944311
N1-F27-3B1P-1P,E01S-1242,BN1,6,small,2629.826376381234,3300.9728606475896,3533.936719944311
N1-F28-5B1P-1P,E01S-1242,BN1,6,small,2629.826376381234,3300.9728606475896,3533.936719944311
N1-F28-6B1-1P,E01S-1242,BN1,6,small,2629.826376381234,3300.9728606475896,3533.936719944311
N1-F30-3B1S-1S,E01S-1242,BN1,6,small,2629.826376381234,3300.9728606475896,3533.936719944311
N1-F30-5B1S-1S,E01S-1242,BN1,6,small,2629.826376381234,3300.9728606475896,3533.936719944311
N1-F31-3B1-1P,E01S-1242,BN1,6,small,2629.826376381234,3300.9728606475896,3533.936719944311
N1-F31-4B1-1P,E01S-1242,BN1,6,small,2629.826376381234,3300.9728606475896,3533.936719944311
N1-F32-1B1P-1P,E01S-1242,BN1,6,small,2629.826376381234,3300.9728606475896,3533.936719944311
N1-F36-1P-2BP,E01S-1242,BN1,6,small,2629.826376381234,3300.9728606475896,3533.936719944311
N1-F36-1P-4BP,E01S-1242,BN1,6,small,2629.826376381234,3300.9728606475896,3533.936719944311
N1-F28-6B1-1S,E01S-1242,BN1,7,small,2629.826376381234,3444.218089215035,3540.311719944311
N1-F29-5B1S-1S,E01S-1242,BN1,7,small,2629.826376381234,3444.218089215035,3540.311719944311
N1-F29-6B1S-1S,E01S-1242,BN1,7,small,2629.826376381234,3444.218089215035,3540.311719944311
N1-F29-8B1S-1S,E01S-1242,BN1,7,small,2629.826376381234,3444.218089215035,3540.311719944311
N1-F31-3B1-1S,E01S-1242,BN1,7,small,2629.826376381234,3444.218089215035,3540.311719944311
N1-F31-4B1-1S,E01S-1242,BN1,7,small,2629.826376381234,3444.218089215035,3540.311719944311
N1-F32-1B2S-1S,E01S-1242,BN1,7,small,2629.826376381234,3444.218089215035,3540.311719944311
N1-F36-2S-3BS,E01S-1242,BN1,7,small,2629.826376381234,3444.218089215035,3540.311719944311
N1-F36-2S-6BS,E01S-1242,BN1,7,small,2629.826376381234,3444.218089215035,3540.311719944311
N1-F18-3-1P,E01S-1240,BN1,1,small,2704.725245683158,2656.4916307625226,3507.061719944311
N1-F18-3-1S,E01S-1240,BN1,1,small,2704.725245683158,2656.4916307625226,3507.061719944311
N1-F32-2-1P,E01S-1240,BN1,4,small,2704.725245683158,3279.4810634369314,3521.186719944311
N1-F31-7S-1S,E01S-1240,BN1,5,small,2704.725245683158,3285.8560634369314,3527.561719944311
N1-F32-2-1S,E01S-1240,BN1,5,small,2704.725245683158,3285.8560634369314,3527.561719944311
N1-F31-3-1P,E01S-1240,BN1,6,small,2704.725245683158,3300.9728606475896,3533.936719944311
N1-F32-5-1P,E01S-1240,BN1,6,small,2704.725245683158,3300.9728606475896,3533.936719944311
N1-F31-3-1S,E01S-1240,BN1,7,small,2704.725245683158,3444.218089215035,3540.311719944311
N1-F32-5-1S,E01S-1240,BN1,7,small,2704.725245683158,3444.218089215035,3540.311719944311
N1-ST-1-1P,E01S-1240,BN1,8,small,2704.725245683158,2707.475245683158,3546.686719944311
N1-ST-1-1S,E01S-1240,BN1,8,small,2704.725245683158,2707.475245683158,3546.686719944311
N1-ST-2-1P,E01S-1240,BN1,8,small,2704.725245683158,2707.475245683158,3546.686719944311
N1-ST-2-1S,E01S-1240,BN1,8,small,2704.725245683158,2707.475245683158,3546.686719944311
N1-F31-1P-2P,E01S-1240,BN1,6,large,2704.725245683158,2651.566364020154,2651.566364020154
N1-F31-2P-1P,E01S-1240,BN1,6,large,2704.725245683158,2651.566364020154,2651.566364020154
N1-F31-6S-1S,E01S-1240,BN1,7,large,2704.725245683158,2651.566364020154,2651.566364020154
N1-LG1-2-1P,E01S-1205,BN1,1,large,2729.3251903672444,2875.5986727789477,2875.5986727789477
N1-LG1-2-1S,E01S-1205,BN1,1,large,2729.3251903672444,2875.5986727789477,2875.5986727789477
N1-F18-5S-1S,E01S-1232,BN1,7,large,2734.3251903672444,2734.3251903672444,2734.3251903672444
N1-F19-4S-1S,E01S-1232,BN1,7,large,2734.3251903672444,2734.3251903672444,2734.3251903672444
N1-F20-7S-1S,E01S-1232,BN1,7,large,2734.3251903672444,2734.3251903672444,2734.3251903672444
N1-F22-7S-1S,E01S-1232,BN1,7,large,2734.3251903672444,2734.3251903672444,2734.3251903672444
N1-F23-7S-1S,E01S-1232,BN1,7,large,2734.3251903672444,2734.3251903672444,2734.3251903672444
N1-F24-7S-1S,E01S-1232,BN1,7,large,2734.3251903672444,2734.3251903672444,2734.3251903672444
N1-STB-1P-1P,E01S-1219,BN1,2,large,2756.6940860308473,2756.6940860308473,2756.6940860308473
N1-STB-2S-1S,E01S-1219,BN1,2,large,2756.6940860308473,2756.6940860308473,2756.6940860308473
N1-AG-6-1P,E01S-1212,BN1,2,large,2764.6940860308473,2889.6874247789474,2889.6874247789474
N1-AG-6-1S,E01S-1212,BN1,2,large,2764.6940860308473,2889.6874247789474,2889.6874247789474
N1-STT-1SP-1SP,E01S-1210,BN1,2,large,2813.8606382882977,2813.8606382882977,2813.8606382882977
N1-F30-3S-1S,E01S-1200,BN1,2,small,2806.7985789274426,2803.61624654649,3508.436719944311
N1-DB-1SP-6SP,E01S-1200,BN1,9,small,2806.7985789274426,2812.3985789274425,3553.061719944311
N1-F30-3S-2S,E01S-1200,BN1,9,small,2806.7985789274426,2812.3985789274425,3553.061719944311
N1-DB-1SP-4SP,E01S-1200,BN1,9,large,2806.7985789274426,2908.4730487789475,2908.4730487789475
N1-LG32-2-1P,E01S-1225,BN1,3,small,2890.8059783326885,3231.223480340804,3514.811719944311
N1-LG32-2-1S,E01S-1225,BN1,3,small,2890.8059783326885,3231.223480340804,3514.811719944311
N1-BW-2-1P,E01S-1225,BN1,8,small,2890.8059783326885,3004.547618234352,3546.686719944311
N1-BW-2-1S,E01S-1225,BN1,8,small,2890.8059783326885,3004.547618234352,3546.686719944311
N1-BW-3-1P,E01S-1225,BN1,8,small,2890.8059783326885,3004.547618234352,3546.686719944311
N1-BW-3-1S,E01S-1225,BN1,8,small,2890.8059783326885,3004.547618234352,3546.686719944311
N1-F35-2-1P,E01S-1225,BN1,8,small,2890.8059783326885,3004.547618234352,3546.686719944311
N1-F35-2-1S,E01S-1225,BN1,8,small,2890.8059783326885,3004.547618234352,3546.686719944311
N1-F35-2-2P,E01S-1225,BN1,8,small,2890.8059783326885,3004.547618234352,3546.686719944311
N1-F35-2-2S,E01S-1225,BN1,8,small,2890.8059783326885,3004.547618234352,3546.686719944311
N1-F18-1P-1P,E01S-1222,BN1,3,small,2926.617735872372,3231.223480340804,3514.811719944311
N1-F18-2S-1S,E01S-1222,BN1,3,small,2926.617735872372,3231.223480340804,3514.811719944311
N1-ST-3-1P,E01S-1222,BN1,9,small,2926.617735872372,3501.561719944311,3553.061719944311
N1-ST-3-1S,E01S-1222,BN1,9,small,2926.617735872372,3501.561719944311,3553.061719944311
N1-ST-3-2P,E01S-1222,BN1,9,small,2926.617735872372,3501.561719944311,3553.061719944311
N1-ST-4-1P,E01S-1222,BN1,9,small,2926.617735872372,3501.561719944311,3553.061719944311
N1-ST-4-1S,E01S-1222,BN1,9,small,2926.617735872372,3501.561719944311,3553.061719944311
N1-ST-4-2P,E01S-1222,BN1,9,small,2926.617735872372,3501.561719944311,3553.061719944311
N1-AG-1P-1P,E01S-1233,BN1,3,large,2839.8712021261244,2839.8712021261244,2839.8712021261244
N1-AG-2S-1S,E01S-1233,BN1,3,large,2839.8712021261244,2839.8712021261244,2839.8712021261244
N1-F20-1P-1P,E01S-1221,BN1,2,small,3079.267180591843,3082.017180591843,3508.436719944311
N1-F20-2P-1P,E01S-1221,BN1,2,small,3079.267180591843,3082.017180591843,3508.436719944311
N1-F20-3S-1S,E01S-1221,BN1,2,small,3079.267180591843,3082.017180591843,3508.436719944311
N1-F20-4S-1S,E01S-1221,BN1,2,small,3079.267180591843,3082.017180591843,3508.436719944311
N1-F21-1P-1P,E01S-1221,BN1,2,small,3079.267180591843,3082.017180591843,3508.436719944311
N1-F21-2P-1P,E01S-1221,BN1,2,small,3079.267180591843,3082.017180591843,3508.436719944311
N1-F21-3S-1S,E01S-1221,BN1,2,small,3079.267180591843,3082.017180591843,3508.436719944311
N1-F21-4S-1S,E01S-1221,BN1,2,small,3079.267180591843,3082.017180591843,3508.436719944311
N1-F22-1P-1P,E01S-1221,BN1,2,small,3079.267180591843,3082.017180591843,3508.436719944311
N1-F22-2P-1P,E01S-1221,BN1,2,small,3079.267180591843,3082.017180591843,3508.436719944311
N1-F22-3S-1S,E01S-1221,BN1,2,small,3079.267180591843,3082.017180591843,3508.436719944311
N1-F22-4S-1S,E01S-1221,BN1,2,small,3079.267180591843,3082.017180591843,3508.436719944311
N1-F23-1P-1P,E01S-1221,BN1,2,small,3079.267180591843,3082.017180591843,3508.436719944311
N1-F23-2P-1P,E01S-1221,BN1,2,small,3079.267180591843,3082.017180591843,3508.436719944311
N1-F23-3S-1S,E01S-1221,BN1,2,small,3079.267180591843,3082.017180591843,3508.436719944311
N1-F23-4S-1S,E01S-1221,BN1,2,small,3079.267180591843,3082.017180591843,3508.436719944311
N1-F24-1P-1P,E01S-1221,BN1,2,small,3079.267180591843,3082.017180591843,3508.436719944311
N1-F24-2P-1P,E01S-1221,BN1,2,small,3079.267180591843,3082.017180591843,3508.436719944311
N1-F24-3S-1S,E01S-1221,BN1,2,small,3079.267180591843,3082.017180591843,3508.436719944311
N1-F24-4S-1S,E01S-1221,BN1,2,small,3079.267180591843,3082.017180591843,3508.436719944311
N1-F25-1P-1P,E01S-1221,BN1,2,small,3079.267180591843,3082.017180591843,3508.436719944311
N1-F25-2P-1P,E01S-1221,BN1,2,small,3079.267180591843,3082.017180591843,3508.436719944311
N1-F25-3S-1S,E01S-1221,BN1,2,small,3079.267180591843,3082.017180591843,3508.436719944311
N1-F25-4S-1S,E01S-1221,BN1,2,small,3079.267180591843,3082.017180591843,3508.436719944311
N1-F26-1P-1P,E01S-1221,BN1,2,small,3079.267180591843,3082.017180591843,3508.436719944311
N1-F26-2P-1P,E01S-1221,BN1,2,small,3079.267180591843,3082.017180591843,3508.436719944311
N1-F26-3S-1S,E01S-1221,BN1,2,small,3079.267180591843,3082.017180591843,3508.436719944311
N1-F26-4S-1S,E01S-1221,BN1,2,small,3079.267180591843,3082.017180591843,3508.436719944311
N1-F36-3-2BP,E01S-1231,BN1,3,small,3001.797618234352,3231.223480340804,3514.811719944311
N1-F36-3-2BS,E01S-1231,BN1,3,small,3001.797618234352,3231.223480340804,3514.811719944311
N1-F36-3B1-1P,E01S-1231,BN1,3,small,3001.797618234352,3231.223480340804,3514.811719944311
N1-F36-3B1-1S,E01S-1231,BN1,3,small,3001.797618234352,3231.223480340804,3514.811719944311
N1-F36-4B1W-1P,E01S-1231,BN1,6,small,3001.797618234352,3296.1015116900103,3533.936719944311
N1-F33-1SP-7BSP,E01S-1231,BN1,7,small,3001.797618234352,3312.781890737629,3540.311719944311
N1-F36-2S-1BS,E01S-1231,BN1,7,small,3001.797618234352,3312.781890737629,3540.311719944311
N1-F36-2S-4BS,E01S-1231,BN1,7,small,3001.797618234352,3312.781890737629,3540.311719944311
N1-F36-4B1W-1S,E01S-1231,BN1,7,small,3001.797618234352,3312.781890737629,3540.311719944311
N1-F33-1B1-1P,E01S-1231,BN1,8,small,3001.797618234352,3004.547618234352,3546.686719944311
N1-F33-1B1-1S,E01S-1231,BN1,8,small,3001.797618234352,3004.547618234352,3546.686719944311
N1-F36-4-1P,E01S-1231,BN1,6,large,3001.797618234352,2976.132783678795,2976.132783678795
N1-F36-4-1S,E01S-1231,BN1,7,large,3001.797618234352,2976.132783678795,2976.132783678795
N1-F31-1P-1P,E01S-1215,BN1,6,small,3081.7769058251406,3296.1015116900103,3533.936719944311
N1-ST-4-2S,E01S-1215,BN1,9,small,3081.7769058251406,3501.561719944311,3553.061719944311
N1-F33-2-1P,E01S-1215,BN1,2,large,3081.7769058251406,3081.3076618349082,3081.3076618349082
N1-F29-5P-1P,E01S-1215,BN1,3,large,3081.7769058251406,3081.3076618349082,3081.3076618349082
N1-F17-1SP-1SP,E01S-1215,BN1,6,large,3081.7769058251406,3081.3076618349082,3081.3076618349082
N1-F29-4P-1P,E01S-1215,BN1,6,large,3081.7769058251406,3081.3076618349082,3081.3076618349082
N1-F33-2-1S,E01S-1215,BN1,7,large,3081.7769058251406,3081.3076618349082,3081.3076618349082
N1-F21-6P-1P,E01S-1215,BN1,8,large,3081.7769058251406,3081.3076618349082,3081.3076618349082
N1-F26-8S-1S,E01S-1215,BN1,8,large,3081.7769058251406,3081.3076618349082,3081.3076618349082
N1-LG2-5WS-1S,E01S-1215,BN1,8,large,3081.7769058251406,3081.3076618349082,3081.3076618349082
N1-F25-7-1P,E01S-1218,BN1,3,small,3087.7700531315254,3088.392180591843,3514.811719944311
N1-F25-7-1S,E01S-1218,BN1,7,small,3087.7700531315254,3444.218089215035,3540.311719944311
N1-F25-6-1P,E01S-1218,BN1,6,large,3087.7700531315254,3013.381418442446,3013.381418442446
N1-F25-6-1S,E01S-1218,BN1,7,large,3087.7700531315254,3013.381418442446,3013.381418442446
N1-F29-6S-1S,E01S-1218,BN1,7,large,3087.7700531315254,3013.381418442446,3013.381418442446
N1-F28-1P-1P,E01S-1220,BN1,4,small,3147.9485462628804,3326.4847610294323,3521.186719944311
N1-F29-1P-1P,E01S-1220,BN1,4,small,3147.9485462628804,3326.4847610294323,3521.186719944311
N1-F28-2S-1S,E01S-1220,BN1,5,small,3147.9485462628804,3332.8597610294323,3527.561719944311
N1-F29-2S-1S,E01S-1220,BN1,5,small,3147.9485462628804,3332.8597610294323,3527.561719944311
N1-F19-1SP-1SP,E01S-1220,BN1,3,large,3147.9485462628804,3136.5698733642234,3136.5698733642234
N1-F27-1SP-1SP,E01S-1220,BN1,3,large,3147.9485462628804,3136.5698733642234,3136.5698733642234
N1-F36-3-1P,E01S-1230,BN1,3,large,3165.5407887171727,3209.0528887171727,3209.0528887171727
N1-F36-3-1S,E01S-1230,BN1,3,large,3165.5407887171727,3209.0528887171727,3209.0528887171727
N1-F36-1P-1P,E01S-1230,BN1,6,large,3165.5407887171727,3209.0528887171727,3209.0528887171727
N1-F36-2S-1S,E01S-1230,BN1,7,large,3165.5407887171727,3209.0528887171727,3209.0528887171727
N1-F36-3-1BP,E01S-1243,BN1,3,small,3319.437078674137,3231.223480340804,3514.811719944311
N1-F36-3-1BS,E01S-1243,BN1,3,small,3319.437078674137,3231.223480340804,3514.811719944311
N1-F17-2B1-1P,E01S-1243,BN1,4,small,3319.437078674137,3326.4847610294323,3521.186719944311
N1-F17-2B1-1S,E01S-1243,BN1,4,small,3319.437078674137,3326.4847610294323,3521.186719944311
N1-F31-5B1-1P,E01S-1243,BN1,4,small,3319.437078674137,3326.4847610294323,3521.186719944311
N1-F34-2-1P,E01S-1243,BN1,4,small,3319.437078674137,3326.4847610294323,3521.186719944311
N1-F34-2-1S,E01S-1243,BN1,5,small,3319.437078674137,3332.8597610294323,3527.561719944311
N1-F20-1B1P-1P,E01S-1243,BN1,6,small,3319.437078674137,3296.1015116900103,3533.936719944311
N1-F20-2B1P-1P,E01S-1243,BN1,6,small,3319.437078674137,3296.1015116900103,3533.936719944311
N1-F29-1B1P-1P,E01S-1243,BN1,6,small,3319.437078674137,3296.1015116900103,3533.936719944311
N1-F29-2B1P-1P,E01S-1243,BN1,6,small,3319.437078674137,3296.1015116900103,3533.936719944311
N1-F29-3B1P-1P,E01S-1243,BN1,6,small,3319.437078674137,3296.1015116900103,3533.936719944311
N1-F31-5B1-1S,E01S-1243,BN1,6,small,3319.437078674137,3296.1015116900103,3533.936719944311
N1-F36-1P-5BP,E01S-1243,BN1,6,small,3319.437078674137,3296.1015116900103,3533.936719944311
N1-F26-1B1S-1S,E01S-1243,BN1,7,small,3319.437078674137,3312.781890737629,3540.311719944311
N1-F26-2B1S-1S,E01S-1243,BN1,7,small,3319.437078674137,3312.781890737629,3540.311719944311
N1-F36-2S-2BS,E01S-1243,BN1,7,small,3319.437078674137,3312.781890737629,3540.311719944311
N1-JXP-902S-1S,E01S-1243,BN1,9,small,3319.437078674137,3501.561719944311,3553.061719944311
N1-JXP-903S-1S,E01S-1243,BN1,9,small,3319.437078674137,3501.561719944311,3553.061719944311
N1-LG1-4-1P,E01S-1216,BN1,4,large,3185.042719218267,3185.042719218267,3185.042719218267
N1-LG1-4-1S,E01S-1216,BN1,4,large,3185.042719218267,3185.042719218267,3185.042719218267
N1-MG-1SP-1SP,E01S-1227,BN1,4,small,3214.0528887171727,3279.4810634369314,3521.186719944311
N1-MG-5SP-1SP,E01S-1227,BN1,6,large,3214.0528887171727,3214.0528887171727,3214.0528887171727
N1-MG-2SP-1SP,E01S-1227,BN1,8,large,3214.0528887171727,3214.0528887171727,3214.0528887171727
N1-F32-1-1P,E01S-1235,BN1,4,small,3289.910558833757,3279.4810634369314,3521.186719944311
N1-LG1-1-1P,E01S-1235,BN1,4,small,3289.910558833757,3279.4810634369314,3521.186719944311
N1-LG1-1-1S,E01S-1235,BN1,4,small,3289.910558833757,3279.4810634369314,3521.186719944311
N1-F32-1-1S,E01S-1235,BN1,5,small,3289.910558833757,3285.8560634369314,3527.561719944311
N1-LG2-1-1P,E01S-1235,BN1,6,small,3289.910558833757,3300.9728606475896,3533.936719944311
N1-LG2-1-1S,E01S-1235,BN1,6,small,3289.910558833757,3300.9728606475896,3533.936719944311
N1-BW-1-1P,E01S-1235,BN1,4,large,3289.910558833757,3270.7952268313147,3270.7952268313147
N1-BW-1-1S,E01S-1235,BN1,5,large,3289.910558833757,3270.7952268313147,3270.7952268313147
N1-AG-4S-1S,E01S-1235,BN1,7,large,3289.910558833757,3270.7952268313147,3270.7952268313147
N1-F32-3-1P,E01S-1238,BN1,4,small,3328.0743971405436,3326.4847610294323,3521.186719944311
N1-F32-3-1S,E01S-1238,BN1,5,small,3328.0743971405436,3332.8597610294323,3527.561719944311
N1-F26-7P-1P,E01S-1238,BN1,4,large,3328.0743971405436,3327.358117052632,3327.358117052632
N1-F27-4-1P,E01S-1238,BN1,4,large,3328.0743971405436,3327.358117052632,3327.358117052632
N1-F28-5-1P,E01S-1238,BN1,4,large,3328.0743971405436,3327.358117052632,3327.358117052632
N1-F27-4-1S,E01S-1238,BN1,5,large,3328.0743971405436,3327.358117052632,3327.358117052632
N1-F28-5-1S,E01S-1238,BN1,5,large,3328.0743971405436,3327.358117052632,3327.358117052632
N1-F18-4P-1P,E01S-1238,BN1,6,large,3328.0743971405436,3327.358117052632,3327.358117052632
N1-F32-4-1P,E01S-1238,BN1,6,large,3328.0743971405436,3327.358117052632,3327.358117052632
N1-F32-4-1S,E01S-1238,BN1,7,large,3328.0743971405436,3327.358117052632,3327.358117052632
N1-F36-1P-7BP,E01S-1241,BN1,6,small,3302.8199239412406,3300.9728606475896,3533.936719944311
N1-F36-2S-7BS,E01S-1241,BN1,7,small,3302.8199239412406,3444.218089215035,3540.311719944311
N1-LG1-3W-1P,E01S-1241,BN1,6,large,3302.8199239412406,3299.596662234891,3299.596662234891
N1-LG1-3W-1S,E01S-1241,BN1,7,large,3302.8199239412406,3299.596662234891,3299.596662234891
N1-F30-1SP-1SP,E01S-1236,BN1,6,large,3342.2189472823356,3342.2189472823356,3342.2189472823356
N1-F23-6P-1P,E01S-1237,BN1,6,large,3383.3719870307136,3383.3719870307136,3383.3719870307136
N1-F24-6P-1P,E01S-1237,BN1,6,large,3383.3719870307136,3383.3719870307136,3383.3719870307136
N1-F28-4-1P,E01S-1237,BN1,6,large,3383.3719870307136,3383.3719870307136,3383.3719870307136
N1-F33-1SP-1SP,E01S-1213,BN1,6,large,3365.41169483049,3365.41169483049,3365.41169483049
N1-F26-6P-1P,E01S-1239,BN1,6,large,3413.6805122854116,3413.6805122854116,3413.6805122854116
N1-F27-3-1P,E01S-1239,BN1,6,large,3413.6805122854116,3413.6805122854116,3413.6805122854116
N1-F27-3-1S,E01S-1239,BN1,7,large,3413.6805122854116,3413.6805122854116,3413.6805122854116
N1-F28-4-1S,E01S-1239,BN1,7,large,3413.6805122854116,3413.6805122854116,3413.6805122854116
N1-JICH-1,E01S-1228,BN1,9,small,3435.0899775269163,3434.618952743034,3553.061719944311
N1-F19-3P-1P,E01S-1228,BN1,6,large,3435.0899775269163,3435.0899775269163,3435.0899775269163
N1-F20-6P-1P,E01S-1228,BN1,6,large,3435.0899775269163,3435.0899775269163,3435.0899775269163
N1-F22-6P-1P,E01S-1228,BN1,6,large,3435.0899775269163,3435.0899775269163,3435.0899775269163
N1-F30-2P-1P,E01S-1228,BN1,6,large,3435.0899775269163,3435.0899775269163,3435.0899775269163
N1-AG-5W-1P,E01S-1234,BN1,6,large,3468.565239949391,3468.565239949391,3468.565239949391
N1-AG-5W-1S,E01S-1234,BN1,7,large,3468.565239949391,3468.565239949391,3468.565239949391
N1-LG2-3WP-1P,E01S-1234,BN1,8,large,3468.565239949391,3468.565239949391,3468.565239949391
N1-950-1S-1S,E01S-1245,BN1,7,small,3441.468089215035,3444.218089215035,3540.311719944311
N1-MG-6SP-1SP,E01S-1207,BN1,7,large,3462.988846164584,3487.034830164584,3487.034830164584
N1-F21-5-1P,E01S-1208,BN1,1,small,3761.117883676287,3771.617883676287,3507.061719944311
N1-F21-5-1S,E01S-1208,BN1,1,small,3761.117883676287,3771.617883676287,3507.061719944311
N1-F22-5-1P,E01S-1208,BN1,1,small,3761.117883676287,3771.617883676287,3507.061719944311
N1-F22-5-1S,E01S-1208,BN1,1,small,3761.117883676287,3771.617883676287,3507.061719944311
N1-F23-5-1P,E01S-1208,BN1,1,small,3761.117883676287,3771.617883676287,3507.061719944311
N1-F23-5-1S,E01S-1208,BN1,1,small,3761.117883676287,3771.617883676287,3507.061719944311
N1-F24-5-1P,E01S-1208,BN1,1,small,3761.117883676287,3771.617883676287,3507.061719944311
N1-F24-5-1S,E01S-1208,BN1,1,small,3761.117883676287,3771.617883676287,3507.061719944311
N1-F25-5-1P,E01S-1208,BN1,1,small,3761.117883676287,3771.617883676287,3507.061719944311
N1-F25-5-1S,E01S-1208,BN1,1,small,3761.117883676287,3771.617883676287,3507.061719944311
N1-F26-5-1P,E01S-1208,BN1,1,small,3761.117883676287,3771.617883676287,3507.061719944311
N1-F26-5-1S,E01S-1208,BN1,1,small,3761.117883676287,3771.617883676287,3507.061719944311
N1-F27-2-1P,E01S-1208,BN1,1,small,3761.117883676287,3771.617883676287,3507.061719944311
N1-F27-2-1S,E01S-1208,BN1,1,small,3761.117883676287,3771.617883676287,3507.061719944311
N1-F28-3-1P,E01S-1208,BN1,1,small,3761.117883676287,3771.617883676287,3507.061719944311
N1-F28-3-1S,E01S-1208,BN1,1,small,3761.117883676287,3771.617883676287,3507.061719944311
N1-F29-3-1P,E01S-1208,BN1,1,small,3761.117883676287,3771.617883676287,3507.061719944311
N1-F29-3-1S,E01S-1208,BN1,1,small,3761.117883676287,3771.617883676287,3507.061719944311
N1-LG32-1-1P,E01S-1224,BN1,8,large,3493.2111491001856,3493.2111491001856,3493.2111491001856
N1-LG32-1-1S,E01S-1224,BN1,8,large,3493.2111491001856,3493.2111491001856,3493.2111491001856
N1-STR-1D1P-1P,E01S-1217,BN1,9,small,3498.811719944311,3501.561719944311,3553.061719944311
N1-STR-1D1S-1S,E01S-1217,BN1,9,small,3498.811719944311,3501.561719944311,3553.061719944311
