套料图名,分段号,切割机,切割序号,切割开始(min),切割完成(min),切割工时(min),原料吊运开始(min),原料空驶完成(min),原料吊运完成(min),原料吊运返回完成(min),工位开始(min),等待结束(min),工位处理时间(min),工位完工(min),工位,最低优先级
A03S-1304,AP2,N2,1,6.0,28.298601144113015,22.298601144113015,0.0,3.0,6.0,6.0,6.0,6.0,8.309426000000002,36.60802714411302,0,1
A03S-1289,AP2,N5,2,12.0,108.88188995387495,96.88188995387495,6.0,9.0,12.0,12.0,12.0,12.0,6.6818810769230765,115.56377103079802,0,2
A03S-1274,AP2,N2,3,28.298601144113015,54.232376120028235,25.933774975915217,12.0,20.0,23.0,23.0,23.0,28.298601144113015,73.45914047619046,127.69151659621869,1,1
A03S-1287,AP2,N2,4,54.232376120028235,88.90677186946695,34.67439574943871,36.60802714411302,44.60802714411302,47.60802714411302,47.60802714411302,47.60802714411302,54.232376120028235,52.05218988548188,140.95896175494883,0,1
A03S-1297,AP2,N2,5,127.69151659621869,164.78162374708955,37.09010715087085,116.69151659621869,124.69151659621869,127.69151659621869,127.69151659621869,127.69151659621869,127.69151659621869,32.824261031746005,197.60588477883556,1,1
A03S-1301,AP2,N5,6,108.88188995387495,158.97557814268544,50.09368818881049,23.0,26.0,29.0,29.0,29.0,108.88188995387495,5.2416611282051235,164.21723927089056,1,1
A03S-1296,AP2,N2,7,164.78162374708955,206.7351739007535,41.95355015366393,129.95896175494883,137.95896175494883,140.95896175494883,140.95896175494883,140.95896175494883,164.78162374708955,84.74260912698392,291.4777830277374,0,1
A03S-1293,AP2,N5,8,158.97557814268544,202.63443256258884,43.658854419903406,140.95896175494883,148.95896175494883,151.95896175494883,151.95896175494883,151.95896175494883,158.97557814268544,36.73168476190472,239.36611732449356,0,1
A03S-1299,AP2,N2,9,206.7351739007535,252.44155506842566,45.706381167672156,191.60588477883556,194.60588477883556,197.60588477883556,197.60588477883556,197.60588477883556,206.7351739007535,135.61316248312147,388.0547175515471,1,1
A03S-1295,AP2,N5,10,202.63443256258884,250.6103226866165,47.97589012402768,171.05409595221775,179.05409595221775,182.05409595221775,182.05409595221775,182.05409595221775,202.63443256258884,65.83651007936513,316.44683276598164,1,1
A03S-1305,AP2,N2,11,291.4777830277374,329.7603261297961,38.28254310205872,280.4777830277374,288.4777830277374,291.4777830277374,291.4777830277374,291.4777830277374,291.4777830277374,96.46075888206855,426.22108501186466,0,1
A03S-1286,AP2,N5,12,250.6103226866165,306.3494138016435,55.73909111502698,233.36611732449356,236.36611732449356,239.36611732449356,239.36611732449356,239.36611732449356,250.6103226866165,91.4882444405286,397.8376582421721,0,1
A03S-1290,AP2,N2,13,388.0547175515471,488.9631214206118,100.90840386906466,377.0547175515471,385.0547175515471,388.0547175515471,388.0547175515471,388.0547175515471,388.0547175515471,6.816943333333313,495.7800647539451,1,2
A03S-1300,AP2,N5,14,316.44683276598164,378.24696776511945,61.8001349991378,310.44683276598164,313.44683276598164,316.44683276598164,316.44683276598164,316.44683276598164,316.44683276598164,19.807749786427678,398.0547175515471,1,1
A03S-1277,AP2,N2,15,488.9631214206118,560.7594375257539,71.79631610514215,415.22108501186466,423.22108501186466,426.22108501186466,426.22108501186466,426.22108501186466,488.9631214206118,24.961416269841266,585.7208537955952,0,1
A03S-1285,AP2,N5,16,404.0547175515471,484.90354265504095,80.84882510349385,398.0547175515471,401.0547175515471,404.0547175515471,404.0547175515471,404.0547175515471,404.0547175515471,30.08200944444434,514.9855520994853,0,1
A03S-1283,AP2,N2,17,560.7594375257539,644.7764500251276,84.01701249937362,495.7800647539451,503.7800647539451,506.7800647539451,506.7800647539451,506.7800647539451,560.7594375257539,5.334123179487165,650.1105732046148,1,1
A03S-1276,AP2,N5,18,484.90354265504095,572.2738083281113,87.37026567307028,404.0547175515471,407.0547175515471,410.0547175515471,410.0547175515471,410.0547175515471,484.90354265504095,146.16451186507936,718.4383201931906,1,1
A03S-1292,AP2,N2,19,644.7764500251276,770.7297790575966,125.95332903246901,574.7208537955952,582.7208537955952,585.7208537955952,585.7208537955952,585.7208537955952,644.7764500251276,86.248746746032,856.9785258036286,0,1
A03S-1294,AP2,N5,20,572.2738083281113,760.5557995464343,188.28199121832304,508.9855520994853,511.9855520994853,514.9855520994853,514.9855520994853,514.9855520994853,572.2738083281113,145.3805244444444,905.9363239908787,0,1
A03S-1303,AP2,N2,21,770.7297790575966,823.4745189936003,52.744739936003725,650.1105732046148,658.1105732046148,661.1105732046148,661.1105732046148,661.1105732046148,770.7297790575966,11.526669641025478,835.0011886346258,1,2
A03S-1284,AP2,N2,22,846.0011886346258,938.988468293106,92.98727965848019,835.0011886346258,843.0011886346258,846.0011886346258,846.0011886346258,846.0011886346258,846.0011886346258,3.7374680000000353,942.7259362931061,1,2
A03S-1288,AP2,N5,23,760.5557995464343,818.8719564134899,58.316156867055604,712.4383201931906,715.4383201931906,718.4383201931906,718.4383201931906,718.4383201931906,760.5557995464343,5.702812769230832,824.5747691827207,1,1
A03S-1291,AP2,N2,24,938.988468293106,1039.9613041492496,100.97283585614345,846.0011886346258,854.0011886346258,857.0011886346258,857.0011886346258,857.0011886346258,938.988468293106,8.240734256410178,1048.2020384056598,0,2
A03S-1302,AP2,N5,25,863.0011886346258,998.7461268355075,135.7449382008817,857.0011886346258,860.0011886346258,863.0011886346258,863.0011886346258,863.0011886346258,863.0011886346258,10.581019897435908,1009.3271467329434,1,2
A03S-1251,AP2,N2,26,1039.9613041492496,1092.9355182578668,52.974214108617154,942.7259362931061,950.7259362931061,953.7259362931061,953.7259362931061,953.7259362931061,1039.9613041492496,3.9078631794870944,1096.8433814373539,1,5
U02S-1347,DC12,N5,27,998.7461268355075,1012.4980529722667,13.75192613675911,894.9363239908787,902.9363239908787,905.9363239908787,905.9363239908787,905.9363239908787,998.7461268355075,37.98531726190515,1050.4833702341718,0,1
U02S-1341,DC12,N5,28,1020.3271467329434,1058.1577381889092,37.83059145596571,1009.3271467329434,1017.3271467329434,1020.3271467329434,1020.3271467329434,1020.3271467329434,1020.3271467329434,49.425265634920834,1107.58300382383,1,2
U02S-1345,DC12,N2,29,1092.9355182578668,1110.9497800775737,18.014261819706824,1048.2020384056598,1051.2020384056598,1054.2020384056598,1054.2020384056598,1054.2020384056598,1092.9355182578668,51.11436357142793,1162.0641436490016,0,2
U02S-1346,DC12,N2,30,1110.9497800775737,1122.2186071451624,11.268827067588841,1096.8433814373539,1099.8433814373539,1102.8433814373539,1102.8433814373539,1102.8433814373539,1110.9497800775737,87.29392499590244,1209.5125321410649,1,2
U02S-1343,DC12,N5,31,1060.2020384056598,1241.9365198292908,181.73448142363094,1054.2020384056598,1057.2020384056598,1060.2020384056598,1060.2020384056598,1060.2020384056598,1060.2020384056598,141.38614904761835,1383.3226688769091,0,1
U02S-1344,DC12,N2,32,1162.0641436490016,1229.1651446584103,67.10100100940873,1156.0641436490016,1159.0641436490016,1162.0641436490016,1162.0641436490016,1162.0641436490016,1162.0641436490016,59.93237936507876,1289.097524023489,0,1
U02S-1338,DC12,N2,33,1229.1651446584103,1271.8409373028571,42.675792644446716,1198.5125321410649,1206.5125321410649,1209.5125321410649,1209.5125321410649,1209.5125321410649,1229.1651446584103,8.131823705921079,1279.9727610087782,1,1
U02S-1348,DC12,N2,34,1290.9727610087782,1311.000212930638,20.02745192186,1279.9727610087782,1287.9727610087782,1290.9727610087782,1290.9727610087782,1290.9727610087782,1290.9727610087782,29.259909523810165,1340.2601224544483,0,1
U02S-1335,DC12,N2,35,1311.000212930638,1370.7803940326316,59.78018110199349,1290.9727610087782,1293.9727610087782,1296.9727610087782,1296.9727610087782,1296.9727610087782,1311.000212930638,36.905982698412345,1407.686376731044,1,2
U02S-1340,DC12,N5,36,1241.9365198292908,1343.6810188385368,101.74449900924601,1102.8433814373539,1105.8433814373539,1108.8433814373539,1108.8433814373539,1108.8433814373539,1241.9365198292908,97.30828924472166,1440.9893080832585,1,2
U02S-1339,DC12,N2,37,1370.7803940326316,1405.1452414108132,34.36484737818157,1334.2601224544483,1337.2601224544483,1340.2601224544483,1340.2601224544483,1340.2601224544483,1370.7803940326316,4.933287435897228,1410.0785288467105,0,3
U02S-1336,DC12,N2,38,1421.0785288467105,1466.2643443346021,45.18581548789174,1410.0785288467105,1418.0785288467105,1421.0785288467105,1421.0785288467105,1421.0785288467105,1421.0785288467105,39.52424507936462,1505.7885894139667,1,3
U02S-1342,DC12,N2,39,1466.2643443346021,1526.9208385581678,60.656494223565666,1421.0785288467105,1424.0785288467105,1427.0785288467105,1427.0785288467105,1427.0785288467105,1466.2643443346021,5.0,1531.9208385581678,0,3
U02B-1334,DC12,N5,40,1383.3226688769091,1412.176932772713,28.854263895803697,1377.3226688769091,1380.3226688769091,1383.3226688769091,1383.3226688769091,1383.3226688769091,1383.3226688769091,24.901596073997553,1437.0785288467105,0,4
U02B-1332,DC12,N5,41,1453.1259768467105,1484.3030135850936,31.17703673838312,1442.1259768467105,1450.1259768467105,1453.1259768467105,1453.1259768467105,1453.1259768467105,1453.1259768467105,11.669909128205063,1495.9729227132987,1,4
U02B-1333,DC12,N2,42,1526.9208385581678,1563.3699228255932,36.44908426742531,1495.9729227132987,1503.9729227132987,1506.9729227132987,1506.9729227132987,1506.9729227132987,1526.9208385581678,8.036078769230699,1571.406001594824,1,4
U02S-1337,DC12,N5,43,1484.3030135850936,1527.4689187295403,43.16590514444671,1453.1259768467105,1456.1259768467105,1459.1259768467105,1459.1259768467105,1459.1259768467105,1484.3030135850936,12.451919828627524,1539.9208385581678,0,4
U02A-1331,DC12,N2,44,1563.3699228255932,1620.0441487595026,56.674225933909405,1539.9208385581678,1547.9208385581678,1550.9208385581678,1550.9208385581678,1550.9208385581678,1563.3699228255932,5.0,1625.0441487595026,0,4
U02A-1330,DC12,N5,45,1527.4689187295403,1584.3387028943241,56.869784164783724,1506.9729227132987,1509.9729227132987,1512.9729227132987,1512.9729227132987,1512.9729227132987,1527.4689187295403,5.0,1589.3387028943241,1,4
T63S-4089,STA238FC,N2,46,1620.0441487595026,1639.3823053356116,19.338156576109075,1571.406001594824,1579.406001594824,1582.406001594824,1582.406001594824,1582.406001594824,1620.0441487595026,10.833499999999958,1650.2158053356115,1,1
T63S-4097,STA238FC,N2,47,1639.3823053356116,1662.786042458847,23.40373712323541,1625.0441487595026,1633.0441487595026,1636.0441487595026,1636.0441487595026,1636.0441487595026,1639.3823053356116,44.03336690476158,1706.8194093636087,0,1
T63S-4101,STA238FC,N5,48,1584.3387028943241,1613.0885431057898,28.749840211465713,1550.9208385581678,1553.9208385581678,1556.9208385581678,1556.9208385581678,1556.9208385581678,1584.3387028943241,84.64256412698342,1697.7311072327732,0,1
T63S-4095,STA238FC,N2,49,1662.786042458847,1703.0450103168366,40.25896785798957,1644.2158053356115,1647.2158053356115,1650.2158053356115,1650.2158053356115,1650.2158053356115,1662.786042458847,105.93516618962917,1808.9801765064658,1,3
T63S-4102,STA238FC,N5,50,1613.0885431057898,1649.1016983279835,36.01315522219383,1589.3387028943241,1592.3387028943241,1595.3387028943241,1595.3387028943241,1595.3387028943241,1613.0885431057898,10.561378666666542,1659.66307699465,1,1
T63S-4099,STA238FC,N2,51,1706.8194093636087,1743.2650589197206,36.445649556111796,1695.8194093636087,1703.8194093636087,1706.8194093636087,1706.8194093636087,1706.8194093636087,1706.8194093636087,6.0267754871795205,1749.2918344069,0,1
T63S-4098,STA238FC,N5,52,1665.66307699465,1702.1166939809987,36.453616986348536,1659.66307699465,1662.66307699465,1665.66307699465,1665.66307699465,1665.66307699465,1665.66307699465,14.702715382609995,1716.8194093636087,1,1
T63S-4094,STA238FC,N5,53,1727.8194093636087,1772.1225404433696,44.30313107976093,1716.8194093636087,1724.8194093636087,1727.8194093636087,1727.8194093636087,1727.8194093636087,1727.8194093636087,11.222596512820473,1783.3451369561901,0,1
T63S-4093,STA238FC,N2,54,1755.2918344069,1802.5784351995678,47.2866007926677,1749.2918344069,1752.2918344069,1755.2918344069,1755.2918344069,1755.2918344069,1755.2918344069,10.830796307692253,1813.40923150726,0,1
T63S-4100,STA238FC,N5,55,1772.1225404433696,1821.137766159346,49.01522571597648,1727.8194093636087,1735.8194093636087,1738.8194093636087,1738.8194093636087,1738.8194093636087,1772.1225404433696,165.38601730158734,1986.5237834609334,1,1
T63S-4103,STA238FC,N2,56,1824.40923150726,1875.7011590695936,51.29192756233346,1813.40923150726,1821.40923150726,1824.40923150726,1824.40923150726,1824.40923150726,1824.40923150726,16.69037047619031,1892.391529545784,1,1
T63S-4088,STA238FC,N5,57,1821.137766159346,1835.6911838952742,14.553417735928244,1783.3451369561901,1786.3451369561901,1789.3451369561901,1789.3451369561901,1789.3451369561901,1821.137766159346,164.51093527994476,2000.202119175219,0,2
T63S-4091,STA238FC,N2,58,1875.7011590695936,1897.377630173878,21.67647110428448,1824.40923150726,1832.40923150726,1835.40923150726,1835.40923150726,1835.40923150726,1875.7011590695936,23.415743730158965,1920.793373904037,0,2
T63S-4096,STA238FC,N5,59,1986.5237834609334,2023.744950348715,37.22116688778165,1980.5237834609334,1983.5237834609334,1986.5237834609334,1986.5237834609334,1986.5237834609334,1986.5237834609334,31.308268015873182,2055.0532183645882,1,2
T63S-4086,STA238FC,N2,60,1897.4074712747217,1931.3356746823392,33.9282034076175,1891.4074712747217,1894.4074712747217,1897.4074712747217,1897.4074712747217,1897.4074712747217,1897.4074712747217,12.339753846153826,1943.675428528493,1,3
T63S-4092,STA238FC,N5,61,2023.744950348715,2069.8802382971653,46.1352879484501,1989.202119175219,1997.202119175219,2000.202119175219,2000.202119175219,2000.202119175219,2023.744950348715,37.53495087301644,2107.4151891701817,0,2
T63S-4855,STA238FC,N2,62,1931.3356746823392,1936.8083729400503,5.472698257711152,1914.793373904037,1917.793373904037,1920.793373904037,1920.793373904037,1920.793373904037,1931.3356746823392,16.485431984127217,1953.2938049241775,0,3
T63S-4090,STA238FC,N2,63,1954.675428528493,1973.4089909806705,18.733562452177452,1943.675428528493,1951.675428528493,1954.675428528493,1954.675428528493,1954.675428528493,1954.675428528493,31.793128194548444,2005.202119175219,1,3
T63S-4084,STA238FC,N2,64,1973.4089909806705,1992.5147257023657,19.10573472169513,1954.675428528493,1957.675428528493,1960.675428528493,1960.675428528493,1960.675428528493,1973.4089909806705,6.293829603174572,1998.8085553055403,0,3
T63S-4087,STA238FC,N5,65,2069.8802382971653,2093.6262611235893,23.746022826424138,2044.0532183645882,2052.0532183645882,2055.0532183645882,2055.0532183645882,2055.0532183645882,2069.8802382971653,9.359036153846318,2102.9852972774356,1,3
E01S-1211,BN1,N2,66,2011.202119175219,2034.7890294776166,23.586910302397754,2005.202119175219,2008.202119175219,2011.202119175219,2011.202119175219,2011.202119175219,2011.202119175219,3.0,2037.7890294776166,0,1
E01S-1223,BN1,N5,67,2123.831401989473,2157.5620893696364,33.730687380163566,2112.831401989473,2120.831401989473,2123.831401989473,2123.831401989473,2123.831401989473,2123.831401989473,17.905878809524438,2175.467968179161,0,1
E01S-1209,BN1,N2,68,2034.7890294776166,2080.3015076046727,45.51247812705627,2011.202119175219,2014.202119175219,2017.202119175219,2017.202119175219,2017.202119175219,2034.7890294776166,16.57614055555632,2096.877648160229,1,1
E01S-1246,BN1,N5,69,2157.5620893696364,2209.997044437959,52.434955068322786,2123.831401989473,2126.831401989473,2129.831401989473,2129.831401989473,2129.831401989473,2157.5620893696364,95.96805928571439,2305.9651037236736,1,1
E01S-1244,BN1,N2,70,2080.3015076046727,2133.6780164045026,53.37650879983006,2037.7890294776166,2040.7890294776166,2043.7890294776166,2043.7890294776166,2043.7890294776166,2080.3015076046727,96.13529626984155,2229.813312674344,0,1
E01S-1229,BN1,N5,71,2209.997044437959,2282.304468705067,72.30742426710773,2176.6713379894727,2179.6713379894727,2182.6713379894727,2182.6713379894727,2182.6713379894727,2209.997044437959,85.28057105035259,2367.5850397554195,0,1
E01S-1204,BN1,N2,72,2133.6780164045026,2212.478424629069,78.80040822456658,2090.877648160229,2093.877648160229,2096.877648160229,2096.877648160229,2096.877648160229,2133.6780164045026,3.5307946666662247,2216.0092192957354,1,1
E01S-1226,BN1,N5,73,2307.6619632957354,2405.4796545686177,97.8176912728822,2296.6619632957354,2304.6619632957354,2307.6619632957354,2307.6619632957354,2307.6619632957354,2307.6619632957354,44.34732722222179,2449.8269817908395,1,1
E01S-1203,BN1,N2,74,2222.0092192957354,2321.675491692616,99.66627239688083,2216.0092192957354,2219.0092192957354,2222.0092192957354,2222.0092192957354,2222.0092192957354,2222.0092192957354,100.00644777777688,2421.681939470393,1,1
E01S-1206,BN1,N5,75,2405.4796545686177,2512.4776985594854,106.99804399086752,2356.5850397554195,2364.5850397554195,2367.5850397554195,2367.5850397554195,2367.5850397554195,2405.4796545686177,4.033693025640787,2516.511391585126,0,1
E01S-1240,BN1,N2,76,2321.675491692616,2442.151607657542,120.47611596492608,2223.813312674344,2226.813312674344,2229.813312674344,2229.813312674344,2229.813312674344,2321.675491692616,59.45893571428587,2501.610543371828,0,1
E01S-1205,BN1,N5,77,2512.4776985594854,2676.2945645580376,163.81686599855212,2448.4516617088243,2456.4516617088243,2459.4516617088243,2459.4516617088243,2459.4516617088243,2512.4776985594854,4.047880615384656,2680.342445173422,1,1
E01S-1208,BN1,N2,78,2442.151607657542,2658.3255873585003,216.17397970095834,2426.4621290772316,2429.4621290772316,2432.4621290772316,2432.4621290772316,2432.4621290772316,2442.151607657542,85.56760134920887,2743.893188707709,1,1
E01S-1219,BN1,N5,79,2676.2945645580376,2702.0583343754865,25.763769817449027,2516.511391585126,2524.511391585126,2527.511391585126,2527.511391585126,2527.511391585126,2676.2945645580376,5.653006461538553,2707.711340837025,0,2
E01S-1212,BN1,N5,80,2702.0583343754865,2733.9599282735885,31.901593898102153,2680.342445173422,2683.342445173422,2686.342445173422,2686.342445173422,2686.342445173422,2702.0583343754865,3.0,2736.9599282735885,1,2
E01S-1210,BN1,N5,81,2733.9599282735885,2767.126480531039,33.16655225745019,2707.711340837025,2715.711340837025,2718.711340837025,2718.711340837025,2718.711340837025,2733.9599282735885,5.0,2772.126480531039,0,2
E01S-1200,BN1,N5,82,2767.126480531039,2810.7137836059887,43.587303074949816,2736.9599282735885,2744.9599282735885,2747.9599282735885,2747.9599282735885,2747.9599282735885,2767.126480531039,12.889475238095201,2823.603258844084,1,2
E01S-1221,BN1,N2,83,2658.3255873585003,2776.3966126764753,118.07102531797486,2490.610543371828,2498.610543371828,2501.610543371828,2501.610543371828,2501.610543371828,2658.3255873585003,127.01397730158988,2903.410589978065,0,2
E01S-1215,BN1,N5,84,2810.7137836059887,2937.9964420697943,127.28265846380539,2772.126480531039,2780.126480531039,2783.126480531039,2783.126480531039,2783.126480531039,2810.7137836059887,8.252356349206366,2946.2487984190007,0,2
E01S-1225,BN1,N2,85,2776.3966126764753,2805.695809228802,29.299196552326617,2747.9599282735885,2750.9599282735885,2753.9599282735885,2753.9599282735885,2753.9599282735885,2776.3966126764753,150.36092424132767,2956.0567334701295,1,3
E01S-1233,BN1,N2,86,2903.410589978065,2943.683664260996,40.273074282930736,2892.410589978065,2900.410589978065,2903.410589978065,2903.410589978065,2903.410589978065,2903.410589978065,7.095890167772268,2950.7795544287683,0,3
E01S-1231,BN1,N5,87,2937.9964420697943,2983.5509083029756,45.554466233181415,2826.6159275851255,2829.6159275851255,2832.6159275851255,2832.6159275851255,2832.6159275851255,2937.9964420697943,55.55572722222314,3039.1066355251987,1,3
E01S-1222,BN1,N2,88,2961.7795544287683,3012.985701378091,51.206146949322815,2950.7795544287683,2958.7795544287683,2961.7795544287683,2961.7795544287683,2961.7795544287683,2961.7795544287683,35.81175753968364,3048.7974589177747,0,3
E01S-1218,BN1,N5,89,2983.5509083029756,3038.707108634656,55.15620033168035,2961.7795544287683,2969.7795544287683,2972.7795544287683,2972.7795544287683,2972.7795544287683,2983.5509083029756,8.90239943022516,3047.609508064881,0,3
E01S-1220,BN1,N2,90,3012.985701378091,3070.3730222920212,57.387320913930125,2972.7795544287683,2975.7795544287683,2978.7795544287683,2978.7795544287683,2978.7795544287683,3012.985701378091,17.036675873016065,3087.4096981650373,1,3
E01S-1230,BN1,N5,91,3039.1066355251987,3106.526490151053,67.41985462585454,3028.1066355251987,3036.1066355251987,3039.1066355251987,3039.1066355251987,3039.1066355251987,3039.1066355251987,5.813272256410073,3112.3397624074632,1,3
E01S-1243,BN1,N2,92,3070.3730222920212,3158.566773115977,88.1937508239557,3044.6791234551683,3052.6791234551683,3055.6791234551683,3055.6791234551683,3055.6791234551683,3070.3730222920212,100.33145746031687,3258.898230576294,0,3
E01S-1216,BN1,N5,93,3106.526490151053,3126.182018549583,19.65552839853011,3055.6791234551683,3063.6791234551683,3066.6791234551683,3066.6791234551683,3066.6791234551683,3106.526490151053,5.659674358974371,3131.8416929085574,0,4
E01S-1227,BN1,N5,94,3126.182018549583,3152.6856528143235,26.503634264740445,3112.3397624074632,3115.3397624074632,3118.3397624074632,3118.3397624074632,3118.3397624074632,3126.182018549583,8.166209593139683,3160.851862407463,1,4
E01S-1235,BN1,N5,95,3152.6856528143235,3209.8578774446823,57.172224630358706,3131.8416929085574,3139.8416929085574,3142.8416929085574,3142.8416929085574,3142.8416929085574,3152.6856528143235,26.851655079365173,3236.7095325240475,0,4
E01S-1238,BN1,N2,96,3158.566773115977,3258.9127395188907,100.34596640291396,3076.4096981650373,3084.4096981650373,3087.4096981650373,3087.4096981650373,3087.4096981650373,3158.566773115977,8.622809523809792,3267.5355490427005,1,4
E01S-1241,BN1,N5,97,3209.8578774446823,3240.8483025918486,30.990425147166366,3160.851862407463,3168.851862407463,3171.851862407463,3171.851862407463,3171.851862407463,3209.8578774446823,8.770595039682576,3249.618897631531,1,6
E01S-1213,BN1,N5,98,3240.8483025918486,3278.8397454438577,37.9914428520094,3225.7095325240475,3233.7095325240475,3236.7095325240475,3236.7095325240475,3236.7095325240475,3240.8483025918486,5.823589743589764,3284.6633351874475,0,6
E01S-1237,BN1,N2,99,3258.9127395188907,3299.5909279339353,40.678188415044744,3247.898230576294,3255.898230576294,3258.898230576294,3258.898230576294,3258.898230576294,3258.9127395188907,6.055426923076993,3305.6463548570123,0,6
E01S-1236,BN1,N5,100,3278.8397454438577,3321.4287882348917,42.589042791033805,3266.819268954789,3274.819268954789,3277.819268954789,3277.819268954789,3277.819268954789,3278.8397454438577,5.580575589743603,3327.0093638246353,1,6
E01S-1239,BN1,N2,101,3299.5909279339353,3347.3805266709082,47.789598736972735,3284.6633351874475,3292.6633351874475,3295.6633351874475,3295.6633351874475,3295.6633351874475,3299.5909279339353,6.302808461538461,3353.6833351324467,1,6
E01S-1228,BN1,N5,102,3321.4287882348917,3371.239378013146,49.810589778254425,3305.6463548570123,3313.6463548570123,3316.6463548570123,3316.6463548570123,3316.6463548570123,3321.4287882348917,7.962827641025342,3379.2022056541714,0,6
E01S-1234,BN1,N2,103,3347.3805266709082,3401.672055770785,54.29152909987671,3327.0093638246353,3335.0093638246353,3338.0093638246353,3338.0093638246353,3338.0093638246353,3347.3805266709082,6.896007025641211,3408.568062796426,0,6
E01S-1242,BN1,N5,104,3371.239378013146,3460.6989057688843,89.45952775573826,3353.6833351324467,3361.6833351324467,3364.6833351324467,3364.6833351324467,3364.6833351324467,3371.239378013146,109.81637198412636,3570.5152777530107,1,6
E01S-1245,BN1,N2,105,3401.672055770785,3409.877049941199,8.204994170414201,3379.2022056541714,3387.2022056541714,3390.2022056541714,3390.2022056541714,3390.2022056541714,3401.672055770785,6.13594515873001,3416.012995099929,1,7
E01S-1207,BN1,N2,106,3414.568062796426,3427.7949878956324,13.22692509920635,3408.568062796426,3411.568062796426,3414.568062796426,3414.568062796426,3414.568062796426,3414.568062796426,3.671943538461619,3431.466931434094,0,7
E01S-1232,BN1,N2,107,3427.7949878956324,3500.948884643056,73.15389674742353,3414.568062796426,3417.568062796426,3420.568062796426,3420.568062796426,3420.568062796426,3427.7949878956324,9.326712205128842,3510.2755968481847,1,7
E01S-1224,BN1,N5,108,3460.6989057688843,3486.3019995863456,25.60309381746118,3390.2022056541714,3398.2022056541714,3401.2022056541714,3401.2022056541714,3401.2022056541714,3460.6989057688843,5.938822358974448,3492.24082194532,0,8
E01S-1217,BN1,N5,109,3503.24082194532,3506.2592899103247,3.0184679650047936,3492.24082194532,3500.24082194532,3503.24082194532,3503.24082194532,3503.24082194532,3503.24082194532,72.77691308078101,3579.0362029911057,0,9
